{
    "0": {
        "title": "INTIGRITI{fake_flag}",
        "description": "The product protects a primary channel, but it does not use the same level of protection for an alternate channel.",
        "cwe": "CWE-420: Unprotected Alternate Channel",
        "cvss": "1337 (🚩)"
    },
    "1": {
        "title": "Security vulnerability in login page",
        "description": "A critical vulnerability was discovered in the login page that allows bypassing authentication through SQL injection. Immediate remediation is recommended to secure user credentials.",
        "cwe": "CWE-89: SQL Injection",
        "cvss": "9.8 (Critical)"
    },
    "2": {
        "title": "API Rate Limit Bypass",
        "description": "The API endpoint for retrieving user data is vulnerable to rate limit bypass, allowing attackers to perform unrestricted requests. Consider implementing a strict rate limit and IP blocking mechanism to prevent abuse.",
        "cwe": "CWE-770: Improper Resource Shutdown or Release",
        "cvss": "7.5 (High)"
    },
    "3": {
        "title": "SQL Injection Vulnerability in Search Feature",
        "description": "An SQL injection vulnerability was found in the search feature, allowing attackers to execute arbitrary SQL commands. Sanitizing inputs and using parameterized queries are essential to prevent exploitation.",
        "cwe": "CWE-89: SQL Injection",
        "cvss": "9.0 (Critical)"
    },
    "4": {
        "title": "Cross-Site Scripting (XSS) in Comments Section",
        "description": "The comments section of the application is susceptible to XSS attacks. Malicious users can inject scripts that execute when other users view their comments. Input sanitization and encoding are recommended to mitigate this risk.",
        "cwe": "CWE-79: Cross-Site Scripting",
        "cvss": "6.1 (Medium)"
    },
    "5": {
        "title": "Directory Traversal in File Uploads",
        "description": "A directory traversal vulnerability allows attackers to access sensitive files by manipulating file paths in upload requests. Use filename restrictions and absolute paths to secure file handling.",
        "cwe": "CWE-22: Path Traversal",
        "cvss": "7.3 (High)"
    },
    "6": {
        "title": "Broken Authentication in Password Reset",
        "description": "The password reset functionality allows attackers to reset other users' passwords without authentication. Implementing secure tokens for verification is essential to prevent unauthorized access.",
        "cwe": "CWE-287: Improper Authentication",
        "cvss": "8.1 (High)"
    },
    "7": {
        "title": "Insecure Deserialization in API",
        "description": "A vulnerability in API deserialization allows remote code execution by attackers. Use secure serialization libraries to prevent this exploit.",
        "cwe": "CWE-502: Deserialization of Untrusted Data",
        "cvss": "8.6 (High)"
    },
    "8": {
        "title": "Insufficient Logging & Monitoring",
        "description": "Lack of adequate logging and monitoring enables undetected malicious activities. Implementing comprehensive logging and real-time monitoring is recommended to identify and mitigate attacks.",
        "cwe": "CWE-778: Insufficient Logging",
        "cvss": "5.3 (Medium)"
    },
    "9": {
        "title": "Session Fixation Vulnerability",
        "description": "The application is susceptible to session fixation attacks, allowing attackers to hijack sessions by forcing specific session IDs. Enforce new session IDs upon login to mitigate this risk.",
        "cwe": "CWE-384: Session Fixation",
        "cvss": "7.5 (High)"
    },
    "10": {
        "title": "Improper Access Control in Admin Panel",
        "description": "Unauthorized users can access the admin panel by directly navigating to restricted URLs. Implement proper access control checks to prevent unauthorized access.",
        "cwe": "CWE-285: Improper Access Control",
        "cvss": "8.2 (High)"
    },
    "11": {
        "title": "Open Redirect on Login Page",
        "description": "An open redirect vulnerability on the login page allows attackers to redirect users to malicious sites. Use a whitelist of allowed URLs to prevent this attack.",
        "cwe": "CWE-601: URL Redirection to Untrusted Site",
        "cvss": "5.8 (Medium)"
    },
    "12": {
        "title": "Sensitive Data Exposure via Error Messages",
        "description": "Error messages reveal sensitive information, aiding attackers in reconnaissance. Mask sensitive details in error outputs to enhance security.",
        "cwe": "CWE-209: Information Exposure Through an Error Message",
        "cvss": "4.3 (Medium)"
    },
    "13": {
        "title": "Unvalidated Redirects and Forwards",
        "description": "The application redirects users to external sites without validation, potentially leading to phishing attacks. Implement URL validation to secure redirects.",
        "cwe": "CWE-601: URL Redirection to Untrusted Site",
        "cvss": "4.8 (Medium)"
    },
    "14": {
        "title": "Local File Inclusion (LFI) in Media Viewer",
        "description": "An LFI vulnerability in the media viewer allows attackers to read local files. Use strict file handling and input validation to prevent unauthorized access.",
        "cwe": "CWE-98: Improper Control of Filename for Include/Require",
        "cvss": "8.8 (High)"
    },
    "15": {
        "title": "Cross-Site Request Forgery (CSRF) in Account Settings",
        "description": "CSRF vulnerabilities allow attackers to change account settings on behalf of users. Adding CSRF tokens to forms can prevent this type of attack.",
        "cwe": "CWE-352: Cross-Site Request Forgery",
        "cvss": "6.5 (Medium)"
    },
    "16": {
        "title": "Improper Handling of Case Sensitivity in Authentication",
        "description": "The authentication system fails to distinguish between different cases in passwords, reducing password security. Enforce case-sensitive comparisons to strengthen protection.",
        "cwe": "CWE-644: Improper Neutralization of Case Sensitivity",
        "cvss": "3.7 (Low)"
    },
    "17": {
        "title": "Insecure File Upload",
        "description": "Insecure file upload allows attackers to upload malicious scripts that can execute server-side. Limit file types and validate uploads for security.",
        "cwe": "CWE-434: Unrestricted File Upload",
        "cvss": "7.6 (High)"
    },
    "18": {
        "title": "Use of Hard-Coded Cryptographic Key",
        "description": "A hard-coded cryptographic key is found in the application, which weakens encryption. Avoid hard-coded keys and opt for secure key management practices.",
        "cwe": "CWE-321: Use of Hard-coded Cryptographic Key",
        "cvss": "7.2 (High)"
    },
    "19": {
        "title": "Improper Restriction of Excessive Authentication Attempts",
        "description": "The lack of brute-force protection on login allows attackers to guess passwords. Implement rate-limiting and account lockout mechanisms to enhance security.",
        "cwe": "CWE-307: Improper Restriction of Excessive Authentication Attempts",
        "cvss": "8.5 (High)"
    },
    "20": {
        "title": "Weak Password Policy",
        "description": "The application allows weak passwords, making accounts vulnerable to attacks. Enforce a stronger password policy with minimum length and complexity requirements.",
        "cwe": "CWE-521: Weak Password Requirements",
        "cvss": "5.0 (Medium)"
    }
}
