[{
  "_id": {
    "$oid": "61f92ad7b92c9e78a9e4451e"
  },
  "time": "2/1/2022 | 6:13:03 PM",
  "timestamp": 1643719383668,
  "username": "sarahty3",
  "userAgent": "Mozilla/5.0 (Windows NT 10.0; Win64; x64) AppleWebKit/537.36 (KHTML, like Gecko) Chrome/97.0.4692.99 Safari/537.36"
},{
  "_id": {
    "$oid": "61f92ad7b92c9e78a9e44522"
  },
  "time": "2/1/2022 | 6:13:03 PM",
  "timestamp": 1643719383884,
  "username": "thomas",
  "userAgent": "Alcatel-OT-708/1.0 Profile/MIDP-2.0 Configuration/CLDC-1.1 ObigoInternetBrowser/Q03C"
},{
  "_id": {
    "$oid": "61f92ad8b92c9e78a9e44526"
  },
  "time": "2/1/2022 | 6:13:04 PM",
  "timestamp": 1643719384084,
  "username": "steve",
  "userAgent": "BlackBerry7100i/4.1.0 Profile/MIDP-2.0 Configuration/CLDC-1.1 VendorID/103"
},{
  "_id": {
    "$oid": "61f92ad8b92c9e78a9e4452a"
  },
  "time": "2/1/2022 | 6:13:04 PM",
  "timestamp": 1643719384286,
  "username": "mark",
  "userAgent": "BlackBerry7130e/4.1.0 Profile/MIDP-2.0 Configuration/CLDC-1.1 VendorID/104"
},{
  "_id": {
    "$oid": "61f92ad8b92c9e78a9e4452e"
  },
  "time": "2/1/2022 | 6:13:04 PM",
  "timestamp": 1643719384492,
  "username": "andrew",
  "userAgent": "BlackBerry7230/3.7.0"
},{
  "_id": {
    "$oid": "61f92ad8b92c9e78a9e44532"
  },
  "time": "2/1/2022 | 6:13:04 PM",
  "timestamp": 1643719384692,
  "username": "daniel",
  "userAgent": "BlackBerry7250/4.0.0 Profile/MIDP-2.0 Configuration/CLDC-1.1"
},{
  "_id": {
    "$oid": "61f92ad8b92c9e78a9e44536"
  },
  "time": "2/1/2022 | 6:13:04 PM",
  "timestamp": 1643719384899,
  "username": "george",
  "userAgent": "BlackBerry7520/4.0.0 Profile/MIDP-2.0 Configuration/CLDC-1.1"
},{
  "_id": {
    "$oid": "61f92ad9b92c9e78a9e4453a"
  },
  "time": "2/1/2022 | 6:13:05 PM",
  "timestamp": 1643719385096,
  "username": "paul",
  "userAgent": "BlackBerry7730/3.7.0"
},{
  "_id": {
    "$oid": "61f92ad9b92c9e78a9e4453e"
  },
  "time": "2/1/2022 | 6:13:05 PM",
  "timestamp": 1643719385298,
  "username": "charlie",
  "userAgent": "BlackBerry8130/4.3.0 Profile/MIDP-2.0 Configuration/CLDC-1.1 VendorID/109"
},{
  "_id": {
    "$oid": "61f92ad9b92c9e78a9e44542"
  },
  "time": "2/1/2022 | 6:13:05 PM",
  "timestamp": 1643719385503,
  "username": "dragon",
  "userAgent": "BlackBerry8310/4.2.2 Profile/MIDP-2.0 Configuration/CLDC-1.1 VendorID/121"
},{
  "_id": {
    "$oid": "61f92ad9b92c9e78a9e44546"
  },
  "time": "2/1/2022 | 6:13:05 PM",
  "timestamp": 1643719385705,
  "username": "james",
  "userAgent": "BlackBerry8320/4.3.1 Profile/MIDP-2.0 Configuration/CLDC-1.1"
},{
  "_id": {
    "$oid": "61f92ad9b92c9e78a9e4454a"
  },
  "time": "2/1/2022 | 6:13:05 PM",
  "timestamp": 1643719385906,
  "username": "qwerty",
  "userAgent": "BlackBerry8700/4.1.0 Profile/MIDP-2.0 Configuration/CLDC-1.1 VendorID/100"
},{
  "_id": {
    "$oid": "61f92adab92c9e78a9e4454e"
  },
  "time": "2/1/2022 | 6:13:06 PM",
  "timestamp": 1643719386108,
  "username": "martin",
  "userAgent": "BlackBerry8703e/4.1.0 Profile/MIDP-2.0 Configuration/CLDC-1.1 VendorID/105"
},{
  "_id": {
    "$oid": "61f92adab92c9e78a9e44552"
  },
  "time": "2/1/2022 | 6:13:06 PM",
  "timestamp": 1643719386312,
  "username": "master",
  "userAgent": "BlackBerry8820/4.2.2 Profile/MIDP-2.0 Configuration/CLDC-1.1 VendorID/102"
},{
  "_id": {
    "$oid": "61f92adab92c9e78a9e44556"
  },
  "time": "2/1/2022 | 6:13:06 PM",
  "timestamp": 1643719386516,
  "username": "pussy",
  "userAgent": "BlackBerry8830/4.2.2 Profile/MIDP-2.0 Configuration/CLOC-1.1 VendorID/105"
},{
  "_id": {
    "$oid": "61f92adab92c9e78a9e4455a"
  },
  "time": "2/1/2022 | 6:13:06 PM",
  "timestamp": 1643719386718,
  "username": "mail",
  "userAgent": "BlackBerry8900/4.5.1.231 Profile/MIDP-2.0 Configuration/CLDC-1.1 VendorID/100"
},{
  "_id": {
    "$oid": "61f92adab92c9e78a9e4455e"
  },
  "time": "2/1/2022 | 6:13:06 PM",
  "timestamp": 1643719386920,
  "username": "charles",
  "userAgent": "BlackBerry9000/4.6.0.65 Profile/MIDP-2.0 Configuration/CLDC-1.1 VendorID/102"
},{
  "_id": {
    "$oid": "61f92adbb92c9e78a9e44562"
  },
  "time": "2/1/2022 | 6:13:07 PM",
  "timestamp": 1643719387123,
  "username": "bill",
  "userAgent": "BlackBerry9530/4.7.0.167 Profile/MIDP-2.0 Configuration/CLDC-1.1 VendorID/102 UP.Link/6.3.1.20.0"
},{
  "_id": {
    "$oid": "61f92adbb92c9e78a9e44566"
  },
  "time": "2/1/2022 | 6:13:07 PM",
  "timestamp": 1643719387324,
  "username": "patrick",
  "userAgent": "BlackBerry9700/5.0.0.423 Profile/MIDP-2.1 Configuration/CLDC-1.1 VendorID/100"
},{
  "_id": {
    "$oid": "61f92adbb92c9e78a9e4456a"
  },
  "time": "2/1/2022 | 6:13:07 PM",
  "timestamp": 1643719387526,
  "username": "1234",
  "userAgent": "GenesisBrowser (HTTP 1.1; 0.9; XP SP2; .NET CLR 2.0.50727)"
},{
  "_id": {
    "$oid": "61f92adbb92c9e78a9e4456e"
  },
  "time": "2/1/2022 | 6:13:07 PM",
  "timestamp": 1643719387733,
  "username": "peter",
  "userAgent": "Google Talk"
},{
  "_id": {
    "$oid": "61f92adbb92c9e78a9e44572"
  },
  "time": "2/1/2022 | 6:13:07 PM",
  "timestamp": 1643719387933,
  "username": "shadow",
  "userAgent": "GreatNews/1.0"
},{
  "_id": {
    "$oid": "61f92adcb92c9e78a9e44576"
  },
  "time": "2/1/2022 | 6:13:08 PM",
  "timestamp": 1643719388133,
  "username": "johnny",
  "userAgent": "GreenBrowser"
},{
  "_id": {
    "$oid": "61f92adcb92c9e78a9e4457a"
  },
  "time": "2/1/2022 | 6:13:08 PM",
  "timestamp": 1643719388335,
  "username": "hunter",
  "userAgent": "Haier-T10C/1.0 iPanel/2.0 WAP2.0 (compatible; UP.Browser/6.2.2.4; UPG1; UP/4.0; Embedded)"
},{
  "_id": {
    "$oid": "61f92adcb92c9e78a9e4457e"
  },
  "time": "2/1/2022 | 6:13:08 PM",
  "timestamp": 1643719388539,
  "username": "carlos",
  "userAgent": "HotJava/1.0.1/JRE1.1.x"
},{
  "_id": {
    "$oid": "61f92adcb92c9e78a9e44582"
  },
  "time": "2/1/2022 | 6:13:08 PM",
  "timestamp": 1643719388745,
  "username": "black",
  "userAgent": "Hotzonu/x.0"
},{
  "_id": {
    "$oid": "61f92adcb92c9e78a9e44586"
  },
  "time": "2/1/2022 | 6:13:08 PM",
  "timestamp": 1643719388947,
  "username": "jason",
  "userAgent": "HTC-8500/1.2 Mozilla/4.0 (compatible; MSIE 5.5; Windows CE; PPC; 240x320)"
},{
  "_id": {
    "$oid": "61f92addb92c9e78a9e4458a"
  },
  "time": "2/1/2022 | 6:13:09 PM",
  "timestamp": 1643719389150,
  "username": "tarrant",
  "userAgent": "HTC-8500/1.2 Mozilla/4.0 (compatible; MSIE 6.0; Windows CE; IEMobile 7.6) UP.Link/6.3.1.17.0"
},{
  "_id": {
    "$oid": "61f92addb92c9e78a9e4458e"
  },
  "time": "2/1/2022 | 6:13:09 PM",
  "timestamp": 1643719389354,
  "username": "alex",
  "userAgent": "HTC_P3650 Mozilla/4.0 (compatible; MSIE 6.0; Windows CE; IEMobile 7.6)"
},{
  "_id": {
    "$oid": "61f92addb92c9e78a9e44592"
  },
  "time": "2/1/2022 | 6:13:09 PM",
  "timestamp": 1643719389560,
  "username": "brian",
  "userAgent": "HTC_Smart_F3188 Mozilla/5.0 (like Gecko) Obigo/Q7"
},{
  "_id": {
    "$oid": "61f92addb92c9e78a9e44596"
  },
  "time": "2/1/2022 | 6:13:09 PM",
  "timestamp": 1643719389760,
  "username": "steven",
  "userAgent": "httpunit/1.5"
},{
  "_id": {
    "$oid": "61f92addb92c9e78a9e4459a"
  },
  "time": "2/1/2022 | 6:13:09 PM",
  "timestamp": 1643719389968,
  "username": "scott",
  "userAgent": "httpunit/1.x"
},{
  "_id": {
    "$oid": "61f92adeb92c9e78a9e4459e"
  },
  "time": "2/1/2022 | 6:13:10 PM",
  "timestamp": 1643719390164,
  "username": "edward",
  "userAgent": "IBrowse/2.2 (AmigaOS 3.5)"
},{
  "_id": {
    "$oid": "61f92adeb92c9e78a9e445a2"
  },
  "time": "2/1/2022 | 6:13:10 PM",
  "timestamp": 1643719390369,
  "username": "joseph",
  "userAgent": "IBrowse/2.2 (Windows 3.1)"
},{
  "_id": {
    "$oid": "61f92adeb92c9e78a9e445a6"
  },
  "time": "2/1/2022 | 6:13:10 PM",
  "timestamp": 1643719390571,
  "username": "12345",
  "userAgent": "iCab/2.5.2 (Macintosh; I; PPC)"
},{
  "_id": {
    "$oid": "61f92adeb92c9e78a9e445aa"
  },
  "time": "2/1/2022 | 6:13:10 PM",
  "timestamp": 1643719390773,
  "username": "matthew",
  "userAgent": "ICE Browser/5.05 (Java 1.4.0; Windows 2000 5.0 x86)"
},{
  "_id": {
    "$oid": "61f92adeb92c9e78a9e445ae"
  },
  "time": "2/1/2022 | 6:13:10 PM",
  "timestamp": 1643719390975,
  "username": "justin",
  "userAgent": "ImageVisu/v4.x.x"
},{
  "_id": {
    "$oid": "61f92adfb92c9e78a9e445b2"
  },
  "time": "2/1/2022 | 6:13:11 PM",
  "timestamp": 1643719391178,
  "username": "natasha",
  "userAgent": "intraVnews/1.x"
},{
  "_id": {
    "$oid": "61f92adfb92c9e78a9e445b6"
  },
  "time": "2/1/2022 | 6:13:11 PM",
  "timestamp": 1643719391381,
  "username": "hammer",
  "userAgent": "iSiloX/4.xx Windows/32"
},{
  "_id": {
    "$oid": "61f92adfb92c9e78a9e445ba"
  },
  "time": "2/1/2022 | 6:13:11 PM",
  "timestamp": 1643719391582,
  "username": "anthony",
  "userAgent": "iTunes/x.x.x"
},{
  "_id": {
    "$oid": "61f92adfb92c9e78a9e445be"
  },
  "time": "2/1/2022 | 6:13:11 PM",
  "timestamp": 1643719391788,
  "username": "harley",
  "userAgent": "Jakarta Commons-HttpClient/2.0xxx"
},{
  "_id": {
    "$oid": "61f92adfb92c9e78a9e445c2"
  },
  "time": "2/1/2022 | 6:13:11 PM",
  "timestamp": 1643719391991,
  "username": "jack",
  "userAgent": "Jakarta Commons-HttpClient/3.0-rcx"
},{
  "_id": {
    "$oid": "61f92ae0b92c9e78a9e445c6"
  },
  "time": "2/1/2022 | 6:13:12 PM",
  "timestamp": 1643719392193,
  "username": "dallas",
  "userAgent": "Java1.0.21.0"
},{
  "_id": {
    "$oid": "61f92ae0b92c9e78a9e445ca"
  },
  "time": "2/1/2022 | 6:13:12 PM",
  "timestamp": 1643719392397,
  "username": "dennis",
  "userAgent": "jBrowser/J2ME Profile/MIDP-1.0 Configuration/CLDC-1.0 (Google WAP Proxy/1.0)"
},{
  "_id": {
    "$oid": "61f92ae0b92c9e78a9e445ce"
  },
  "time": "2/1/2022 | 6:13:12 PM",
  "timestamp": 1643719392601,
  "username": "cameron",
  "userAgent": "Jeode/1.x.x"
},{
  "_id": {
    "$oid": "61f92ae0b92c9e78a9e445d2"
  },
  "time": "2/1/2022 | 6:13:12 PM",
  "timestamp": 1643719392800,
  "username": "gary",
  "userAgent": "JetBrains Omea Reader 1.0.x (http://www.jetbrains.com/omea_reader/)"
},{
  "_id": {
    "$oid": "61f92ae1b92c9e78a9e445d6"
  },
  "time": "2/1/2022 | 6:13:13 PM",
  "timestamp": 1643719393002,
  "username": "fuck",
  "userAgent": "JetBrains Omea Reader 2.0 Release Candidate 1 (http://www.jetbrains.com/omea_reader/)"
},{
  "_id": {
    "$oid": "61f92ae1b92c9e78a9e445da"
  },
  "time": "2/1/2022 | 6:13:13 PM",
  "timestamp": 1643719393205,
  "username": "monkey",
  "userAgent": "K-Meleon/0.6 (Windows; U; Windows NT 5.1; en-US; rv:0.9.5) Gecko/20011011"
},{
  "_id": {
    "$oid": "61f92ae1b92c9e78a9e445de"
  },
  "time": "2/1/2022 | 6:13:13 PM",
  "timestamp": 1643719393406,
  "username": "webmaster",
  "userAgent": "Kazehakase/0.x.x.[x]"
},{
  "_id": {
    "$oid": "61f92ae1b92c9e78a9e445e2"
  },
  "time": "2/1/2022 | 6:13:13 PM",
  "timestamp": 1643719393610,
  "username": "mustang",
  "userAgent": "Klondike/1.50 (WSP Win32) (Google WAP Proxy/1.0)"
},{
  "_id": {
    "$oid": "61f92ae1b92c9e78a9e445e6"
  },
  "time": "2/1/2022 | 6:13:13 PM",
  "timestamp": 1643719393811,
  "username": "ranger",
  "userAgent": "KWC-KX9/1109 UP.Browser/6.2.3.9.g.1.107 (GUI) MMP/2.0 UP.Link/6.3.0.0.0"
},{
  "_id": {
    "$oid": "61f92ae2b92c9e78a9e445ea"
  },
  "time": "2/1/2022 | 6:13:14 PM",
  "timestamp": 1643719394014,
  "username": "kevin",
  "userAgent": "LeapTag/0.8.1.beta081.r3750 (compatible; Mozilla 4.0; MSIE 5.5; robot@yoriwa.com)"
},{
  "_id": {
    "$oid": "61f92ae2b92c9e78a9e445ee"
  },
  "time": "2/1/2022 | 6:13:14 PM",
  "timestamp": 1643719394217,
  "username": "jordan",
  "userAgent": "LG-B2050 MIC/WAP2.0 MIDP-2.0/CLDC-1.0"
},{
  "_id": {
    "$oid": "61f92ae2b92c9e78a9e445f2"
  },
  "time": "2/1/2022 | 6:13:14 PM",
  "timestamp": 1643719394419,
  "username": "frank",
  "userAgent": "LG-C1100 MIC/WAP2.0 MIDP-2.0/CLDC-1.0"
},{
  "_id": {
    "$oid": "61f92ae2b92c9e78a9e445f6"
  },
  "time": "2/1/2022 | 6:13:14 PM",
  "timestamp": 1643719394624,
  "username": "jeremy",
  "userAgent": "LG-CU720/V1.0|Obigo/Q05A Profile/MIDP-2.0 Configuration/CLDC-1.1"
},{
  "_id": {
    "$oid": "61f92ae2b92c9e78a9e445fa"
  },
  "time": "2/1/2022 | 6:13:14 PM",
  "timestamp": 1643719394831,
  "username": "captain",
  "userAgent": "LG-G1800 MIC/WAP2.0 MIDP-2.0/CLDC-1.0"
},{
  "_id": {
    "$oid": "61f92ae3b92c9e78a9e445fe"
  },
  "time": "2/1/2022 | 6:13:15 PM",
  "timestamp": 1643719395034,
  "username": "billy",
  "userAgent": "LG-G210/SW100/WAP2.0 Profile/MIDP-2.0 Configuration/CLDC-1.0"
},{
  "_id": {
    "$oid": "61f92ae3b92c9e78a9e44602"
  },
  "time": "2/1/2022 | 6:13:15 PM",
  "timestamp": 1643719395238,
  "username": "jeff",
  "userAgent": "LG-G220/V100/WAP2.0 Profile/MIDP-2.0 Configuration/CLDC-1.0"
},{
  "_id": {
    "$oid": "61f92ae3b92c9e78a9e44606"
  },
  "time": "2/1/2022 | 6:13:15 PM",
  "timestamp": 1643719395442,
  "username": "freddy",
  "userAgent": "LG-G232/V100/WAP2.0 Profile/MIDP-2.0 Configuration/CLDC-1.0"
},{
  "_id": {
    "$oid": "61f92ae3b92c9e78a9e4460a"
  },
  "time": "2/1/2022 | 6:13:15 PM",
  "timestamp": 1643719395645,
  "username": "cowboy",
  "userAgent": "LG-G262/V100/WAP2.0 Profile/MIDP-2.0 Configuration/CLDC-1.0"
},{
  "_id": {
    "$oid": "61f92ae3b92c9e78a9e4460e"
  },
  "time": "2/1/2022 | 6:13:15 PM",
  "timestamp": 1643719395850,
  "username": "sales",
  "userAgent": "LG-G5200 AU/4.10"
},{
  "_id": {
    "$oid": "61f92ae4b92c9e78a9e44612"
  },
  "time": "2/1/2022 | 6:13:16 PM",
  "timestamp": 1643719396050,
  "username": "matt",
  "userAgent": "LG-G5600 MIC/WAP2.0 MIDP-2.0/CLDC-1.0"
},{
  "_id": {
    "$oid": "61f92ae4b92c9e78a9e44616"
  },
  "time": "2/1/2022 | 6:13:16 PM",
  "timestamp": 1643719396251,
  "username": "mickey",
  "userAgent": "LG-G610 V100 AU/4.10 Profile/MIDP-1.0 Configuration/CLDC-1.0"
},{
  "_id": {
    "$oid": "61f92ae4b92c9e78a9e4461a"
  },
  "time": "2/1/2022 | 6:13:16 PM",
  "timestamp": 1643719396454,
  "username": "eric",
  "userAgent": "LG-G622/V100/WAP2.0 Profile/MIDP-2.0 Configuration/CLDC-1.0"
},{
  "_id": {
    "$oid": "61f92ae4b92c9e78a9e4461e"
  },
  "time": "2/1/2022 | 6:13:16 PM",
  "timestamp": 1643719396658,
  "username": "tony",
  "userAgent": "LG-G650 V100 AU/4.10 Profile/MIDP-1.0 Configuration/CLDC-1.0"
},{
  "_id": {
    "$oid": "61f92ae5b92c9e78a9e44626"
  },
  "time": "2/1/2022 | 6:13:17 PM",
  "timestamp": 1643719397062,
  "username": "jennifer",
  "userAgent": "LG-G672/V100/WAP2.0 Profile/MIDP-2.0 Configuration/CLDC-1.0"
},{
  "_id": {
    "$oid": "61f92ae5b92c9e78a9e4462a"
  },
  "time": "2/1/2022 | 6:13:17 PM",
  "timestamp": 1643719397266,
  "username": "joshua",
  "userAgent": "LG-G682 /V100/WAP2.0 Profile/MIDP-2.0 Configuration/CLDC-1.0"
},{
  "_id": {
    "$oid": "61f92ae5b92c9e78a9e4462e"
  },
  "time": "2/1/2022 | 6:13:17 PM",
  "timestamp": 1643719397472,
  "username": "123",
  "userAgent": "LG-G688 MIC/V100/WAP2.0 MIDP-2.0/CLDC-1.0"
},{
  "_id": {
    "$oid": "61f92ae5b92c9e78a9e44632"
  },
  "time": "2/1/2022 | 6:13:17 PM",
  "timestamp": 1643719397672,
  "username": "killer",
  "userAgent": "LG-G7000 AU/4.10"
},{
  "_id": {
    "$oid": "61f92ae5b92c9e78a9e44636"
  },
  "time": "2/1/2022 | 6:13:17 PM",
  "timestamp": 1643719397872,
  "username": "dick",
  "userAgent": "LG-G7050 UP.Browser/6.2.2 (GUI) MMP/1.0 Profile/MIDP-1.0 Configuration/CLDC-1.0"
},{
  "_id": {
    "$oid": "61f92ae6b92c9e78a9e4463a"
  },
  "time": "2/1/2022 | 6:13:18 PM",
  "timestamp": 1643719398080,
  "username": "spider",
  "userAgent": "LG-G7100 AU/4.10 Profile/MIDP-1.0 Configuration/CLDC-1.0"
},{
  "_id": {
    "$oid": "61f92ae6b92c9e78a9e4463e"
  },
  "time": "2/1/2022 | 6:13:18 PM",
  "timestamp": 1643719398285,
  "username": "superman",
  "userAgent": "LG-G7200 UP.Browser/6.2.2 (GUI) MMP/1.0 Profile/MIDP-1.0 Configuration/CLDC-1.0"
},{
  "_id": {
    "$oid": "61f92ae6b92c9e78a9e44642"
  },
  "time": "2/1/2022 | 6:13:18 PM",
  "timestamp": 1643719398485,
  "username": "iceman",
  "userAgent": "LG-G822/SW100/WAP2.0 Profile/MIDP-2.0 Configuration/CLDC-1.0"
},{
  "_id": {
    "$oid": "61f92ae6b92c9e78a9e44646"
  },
  "time": "2/1/2022 | 6:13:18 PM",
  "timestamp": 1643719398689,
  "username": "brandon",
  "userAgent": "LG-G850 V100 UP.Browser/6.2.2 (GUI) MMP/1.0 Profile/MIDP-1.0 Configuration/CLDC-1.0"
},{
  "_id": {
    "$oid": "61f92ae6b92c9e78a9e4464a"
  },
  "time": "2/1/2022 | 6:13:18 PM",
  "timestamp": 1643719398892,
  "username": "jackson",
  "userAgent": "LG-G920/V122/WAP2.0 Profile/MIDP-1.0 Configuration/CLDC-1.0"
},{
  "_id": {
    "$oid": "61f92ae7b92c9e78a9e4464e"
  },
  "time": "2/1/2022 | 6:13:19 PM",
  "timestamp": 1643719399095,
  "username": "jeffrey",
  "userAgent": "LG-G922 Obigo/WAP2.0 MIDP-2.0/CLDC-1.1"
},{
  "_id": {
    "$oid": "61f92ae7b92c9e78a9e44652"
  },
  "time": "2/1/2022 | 6:13:19 PM",
  "timestamp": 1643719399300,
  "username": "bob",
  "userAgent": "LG-G932 UP.Browser/6.2.3(GUI)MMP/1.0 Profile/MIDP-2.0 Configuration/CLDC-1.1"
},{
  "_id": {
    "$oid": "61f92ae7b92c9e78a9e44656"
  },
  "time": "2/1/2022 | 6:13:19 PM",
  "timestamp": 1643719399504,
  "username": "calvin",
  "userAgent": "LG-KP500 Teleca/WAP2.0 MIDP-2.0/CLDC-1.1"
},{
  "_id": {
    "$oid": "61f92ae7b92c9e78a9e4465a"
  },
  "time": "2/1/2022 | 6:13:19 PM",
  "timestamp": 1643719399705,
  "username": "little",
  "userAgent": "LG-KS360 Teleca/WAP2.0 MIDP-2.0/CLDC-1.1"
},{
  "_id": {
    "$oid": "61f92ae7b92c9e78a9e4465e"
  },
  "time": "2/1/2022 | 6:13:19 PM",
  "timestamp": 1643719399909,
  "username": "scotty",
  "userAgent": "LG-L1100 UP.Browser/6.2.2 (GUI) MMP/1.0 Profile/MIDP-1.0 Configuration/CLDC-1.0"
},{
  "_id": {
    "$oid": "61f92ae8b92c9e78a9e44662"
  },
  "time": "2/1/2022 | 6:13:20 PM",
  "timestamp": 1643719400114,
  "username": "darren",
  "userAgent": "LG-LX260 POLARIS-LX260/2.0 MMP/2.0 Profile/MIDP-2.0 Configuration/CLDC-1.1"
},{
  "_id": {
    "$oid": "61f92ae8b92c9e78a9e44666"
  },
  "time": "2/1/2022 | 6:13:20 PM",
  "timestamp": 1643719400317,
  "username": "donald",
  "userAgent": "LG-T5100 UP.Browser/6.2.3 (GUI) MMP/1.0 Profile/MIDP-1.0 Configuration/CLDC-1.0"
},{
  "_id": {
    "$oid": "61f92ae8b92c9e78a9e4466a"
  },
  "time": "2/1/2022 | 6:13:20 PM",
  "timestamp": 1643719400519,
  "username": "buster",
  "userAgent": "LG/U8120/v1.0"
},{
  "_id": {
    "$oid": "61f92ae8b92c9e78a9e4466e"
  },
  "time": "2/1/2022 | 6:13:20 PM",
  "timestamp": 1643719400725,
  "username": "root",
  "userAgent": "LG/U8130/v1.0"
},{
  "_id": {
    "$oid": "61f92ae8b92c9e78a9e44672"
  },
  "time": "2/1/2022 | 6:13:20 PM",
  "timestamp": 1643719400924,
  "username": "fred",
  "userAgent": "LG/U8138/v1.0"
},{
  "_id": {
    "$oid": "61f92ae9b92c9e78a9e44676"
  },
  "time": "2/1/2022 | 6:13:21 PM",
  "timestamp": 1643719401126,
  "username": "timothy",
  "userAgent": "LG/U8138/v2.0"
},{
  "_id": {
    "$oid": "61f92ae9b92c9e78a9e4467a"
  },
  "time": "2/1/2022 | 6:13:21 PM",
  "timestamp": 1643719401329,
  "username": "sparky",
  "userAgent": "LG/U8180/v1.0"
},{
  "_id": {
    "$oid": "61f92ae9b92c9e78a9e4467e"
  },
  "time": "2/1/2022 | 6:13:21 PM",
  "timestamp": 1643719401533,
  "username": "snoopy",
  "userAgent": "LG/U880/v1.0"
},{
  "_id": {
    "$oid": "61f92ae9b92c9e78a9e44682"
  },
  "time": "2/1/2022 | 6:13:21 PM",
  "timestamp": 1643719401733,
  "username": "philip",
  "userAgent": "LGE-CU8080/1.0 UP.Browser/4.1.26l"
},{
  "_id": {
    "$oid": "61f92ae9b92c9e78a9e44686"
  },
  "time": "2/1/2022 | 6:13:21 PM",
  "timestamp": 1643719401942,
  "username": "net",
  "userAgent": "LGE-MX8700/1.0 UP.Browser/6.2.3.2 (GUI) MMP/2.0"
},{
  "_id": {
    "$oid": "61f92aeab92c9e78a9e4468a"
  },
  "time": "2/1/2022 | 6:13:22 PM",
  "timestamp": 1643719402142,
  "username": "general",
  "userAgent": "LGE-VX9100/1.0 UP.Browser/6.2.3.2 (GUI) MMP/2.0"
},{
  "_id": {
    "$oid": "61f92aeab92c9e78a9e4468e"
  },
  "time": "2/1/2022 | 6:13:22 PM",
  "timestamp": 1643719402344,
  "username": "coffee",
  "userAgent": "Liferea/0.x.x (Linux; en_US.UTF-8; http://liferea.sf.net/)"
},{
  "_id": {
    "$oid": "61f92aeab92c9e78a9e44692"
  },
  "time": "2/1/2022 | 6:13:22 PM",
  "timestamp": 1643719402546,
  "username": "letmein",
  "userAgent": "Liferea/1.x.x (Linux; es_ES.UTF-8; http://liferea.sf.net/)"
},{
  "_id": {
    "$oid": "61f92aeab92c9e78a9e44696"
  },
  "time": "2/1/2022 | 6:13:22 PM",
  "timestamp": 1643719402751,
  "username": "contact",
  "userAgent": "Links (0.9x; Linux 2.4.7-10 i686)"
},{
  "_id": {
    "$oid": "61f92aeab92c9e78a9e4469a"
  },
  "time": "2/1/2022 | 6:13:22 PM",
  "timestamp": 1643719402952,
  "username": "love",
  "userAgent": "Links (0.9xpre12; Linux 2.2.14-5.0 i686; 80x24)"
},{
  "_id": {
    "$oid": "61f92aebb92c9e78a9e4469e"
  },
  "time": "2/1/2022 | 6:13:23 PM",
  "timestamp": 1643719403156,
  "username": "badboy",
  "userAgent": "Links (2.xpre7; Linux 2.4.18 i586; x)"
},{
  "_id": {
    "$oid": "61f92aebb92c9e78a9e446a2"
  },
  "time": "2/1/2022 | 6:13:23 PM",
  "timestamp": 1643719403361,
  "username": "kenneth",
  "userAgent": "Lotus-Notes/4.5 ( Windows-NT )"
},{
  "_id": {
    "$oid": "61f92aebb92c9e78a9e446a6"
  },
  "time": "2/1/2022 | 6:13:23 PM",
  "timestamp": 1643719403563,
  "username": "stephen",
  "userAgent": "Lunascape"
},{
  "_id": {
    "$oid": "61f92aebb92c9e78a9e446aa"
  },
  "time": "2/1/2022 | 6:13:23 PM",
  "timestamp": 1643719403771,
  "username": "greg",
  "userAgent": "lwp-trivial/1.35"
},{
  "_id": {
    "$oid": "61f92aebb92c9e78a9e446ae"
  },
  "time": "2/1/2022 | 6:13:23 PM",
  "timestamp": 1643719403970,
  "username": "blue",
  "userAgent": "Lynx/2-4-2 (Bobcat/0.5 [DOS] Jp Beta04)"
},{
  "_id": {
    "$oid": "61f92aecb92c9e78a9e446b2"
  },
  "time": "2/1/2022 | 6:13:24 PM",
  "timestamp": 1643719404172,
  "username": "bigdog",
  "userAgent": "Lynx/2.6 libwww-FM/2.14"
},{
  "_id": {
    "$oid": "61f92aecb92c9e78a9e446b6"
  },
  "time": "2/1/2022 | 6:13:24 PM",
  "timestamp": 1643719404375,
  "username": "super",
  "userAgent": "Lynx/2.8 (;http://seebot.org)"
},{
  "_id": {
    "$oid": "61f92aecb92c9e78a9e446ba"
  },
  "time": "2/1/2022 | 6:13:24 PM",
  "timestamp": 1643719404577,
  "username": "boomer",
  "userAgent": "Lynx/2.8.3dev.9 libwww-FM/2.14 SSL-MM/1.4.1 OpenSSL/0.9.6"
},{
  "_id": {
    "$oid": "61f92aecb92c9e78a9e446be"
  },
  "time": "2/1/2022 | 6:13:24 PM",
  "timestamp": 1643719404781,
  "username": "amateur",
  "userAgent": "MagpieRSS/0.7x (+http://magpierss.sf.net)"
},{
  "_id": {
    "$oid": "61f92aecb92c9e78a9e446c2"
  },
  "time": "2/1/2022 | 6:13:24 PM",
  "timestamp": 1643719404983,
  "username": "bigdaddy",
  "userAgent": "Media Player Classic"
},{
  "_id": {
    "$oid": "61f92aedb92c9e78a9e446c6"
  },
  "time": "2/1/2022 | 6:13:25 PM",
  "timestamp": 1643719405184,
  "username": "gregory",
  "userAgent": "Microsoft Data Access Internet Publishing Provider Cache Manager"
},{
  "_id": {
    "$oid": "61f92aedb92c9e78a9e446ca"
  },
  "time": "2/1/2022 | 6:13:25 PM",
  "timestamp": 1643719405386,
  "username": "nathan",
  "userAgent": "Microsoft Data Access Internet Publishing Provider DAV"
},{
  "_id": {
    "$oid": "61f92aedb92c9e78a9e446ce"
  },
  "time": "2/1/2022 | 6:13:25 PM",
  "timestamp": 1643719405590,
  "username": "batman",
  "userAgent": "Microsoft Data Access Internet Publishing Provider Protocol Discovery"
},{
  "_id": {
    "$oid": "61f92aedb92c9e78a9e446d2"
  },
  "time": "2/1/2022 | 6:13:25 PM",
  "timestamp": 1643719405792,
  "username": "fuckme",
  "userAgent": "MoonBrowser (version 0.41 Beta4)"
},{
  "_id": {
    "$oid": "61f92aedb92c9e78a9e446d6"
  },
  "time": "2/1/2022 | 6:13:25 PM",
  "timestamp": 1643719405994,
  "username": "junior",
  "userAgent": "MOT-E398/0E.20.59R MIB/2.2.1 Profile/MIDP-2.0 Configuration/CLDC-1.0"
},{
  "_id": {
    "$oid": "61f92aeeb92c9e78a9e446da"
  },
  "time": "2/1/2022 | 6:13:26 PM",
  "timestamp": 1643719406197,
  "username": "phoenix",
  "userAgent": "MOT-EM30/R6716_G_71.01.24R Mozilla/5.0 (compatible; OSS/1.0; Chameleon; Linux) BER/2.0 Profile/MIDP-2.0 Configuration/CLDC-1.1 [es-co]"
},{
  "_id": {
    "$oid": "61f92aeeb92c9e78a9e446de"
  },
  "time": "2/1/2022 | 6:13:26 PM",
  "timestamp": 1643719406400,
  "username": "scooter",
  "userAgent": "MOT-K1/08.03.08R MIB/BER2.2 Profile/MIDP-2.0 Configuration/CLDC-1.1 EGE/1.0"
},{
  "_id": {
    "$oid": "61f92aeeb92c9e78a9e446e2"
  },
  "time": "2/1/2022 | 6:13:26 PM",
  "timestamp": 1643719406603,
  "username": "merlin",
  "userAgent": "MOT-L6/0A.52.2BR MIB/2.2.1 Profile/MIDP-2.0 Configuration/CLDC-1.1"
},{
  "_id": {
    "$oid": "61f92aeeb92c9e78a9e446e6"
  },
  "time": "2/1/2022 | 6:13:26 PM",
  "timestamp": 1643719406805,
  "username": "austin",
  "userAgent": "MOT-L7/NA.ACR_RB MIB/2.2.1 Profile/MIDP-2.0 Configuration/CLDC-1.1"
},{
  "_id": {
    "$oid": "61f92aefb92c9e78a9e446ea"
  },
  "time": "2/1/2022 | 6:13:27 PM",
  "timestamp": 1643719407010,
  "username": "doctor",
  "userAgent": "MOT-MOTORAZRV9/4 BER2.2 Mozilla/4.0 (compatible; MSIE 6.0; 14003181) Profile/MIDP-2.0 Configuration/CLDC-1.1 Op! era 8.00 [en] UP.Link/6.3.0.0.0"
},{
  "_id": {
    "$oid": "61f92aefb92c9e78a9e446ee"
  },
  "time": "2/1/2022 | 6:13:27 PM",
  "timestamp": 1643719407213,
  "username": "football",
  "userAgent": "MOT-MOTORAZRV9x/9E.03.15R BER2.2 Mozilla/4.0 (compatible; MSIE 6.0; 13003337) Profile/MIDP-2.0 Configuration/CLDC-1.1 Opera 8.60 [en] UP.Link/6.3.0.0.0"
},{
  "_id": {
    "$oid": "61f92aefb92c9e78a9e446f2"
  },
  "time": "2/1/2022 | 6:13:27 PM",
  "timestamp": 1643719407416,
  "username": "chicago",
  "userAgent": "MOT-MOTOZ9/9E.01.03R BER2.2 Mozilla/4.0 (compatible; MSIE 6.0; 11003002) Profile/MIDP-2.0 Configuration/CLDC-1.1 Opera 8.60 [en] UP.Link/6.3.0.0.0"
},{
  "_id": {
    "$oid": "61f92aefb92c9e78a9e446f6"
  },
  "time": "2/1/2022 | 6:13:27 PM",
  "timestamp": 1643719407616,
  "username": "ronald",
  "userAgent": "MOT-RAZRV3xx/96.64.21P BER2.2 Mozilla/4.0 (compatible; MSIE 6.0; 11003002) Profile/MIDP-2.0 Configuration/CLDC-1.1 Opera 8.00 [en] UP.Link/6.3.0.0.0"
},{
  "_id": {
    "$oid": "61f92aefb92c9e78a9e446fa"
  },
  "time": "2/1/2022 | 6:13:27 PM",
  "timestamp": 1643719407818,
  "username": "maverick",
  "userAgent": "MOT-V3/0E.42.0ER MIB/2.2.1 Profile/MIDP-2.0 Configuration/CLDC-1.0"
},{
  "_id": {
    "$oid": "61f92af0b92c9e78a9e446fe"
  },
  "time": "2/1/2022 | 6:13:28 PM",
  "timestamp": 1643719408021,
  "username": "casper",
  "userAgent": "MOT-V3r/08.BD.43R MIB/2.2.1 Profile/MIDP-2.0 Configuration/CLDC-1.1"
},{
  "_id": {
    "$oid": "61f92af0b92c9e78a9e44702"
  },
  "time": "2/1/2022 | 6:13:28 PM",
  "timestamp": 1643719408226,
  "username": "happy",
  "userAgent": "MOT-ZN5/R6637_G_81.03.05R Mozilla/4.0 (compatible; OSS/1.0; Linux MOTOZINE ZN5) Profile/MIDP-2.0 Configuration/CLDC-1.1 Symphony 1.0"
},{
  "_id": {
    "$oid": "61f92af0b92c9e78a9e44706"
  },
  "time": "2/1/2022 | 6:13:28 PM",
  "timestamp": 1643719408428,
  "username": "purple",
  "userAgent": "motorazrV8/R601_G_80.42.0FRP Mozilla/4.0 (compatible; MSIE 6.0 Linux; Motorola V8;nnn) Profile/MIDP-2.0 Configuration/CLDC-1.1 Opera 8.50[yy]"
},{
  "_id": {
    "$oid": "61f92af0b92c9e78a9e4470a"
  },
  "time": "2/1/2022 | 6:13:28 PM",
  "timestamp": 1643719408630,
  "username": "golden",
  "userAgent": "MOTOROKR Z6/R60_G_80.xx.yyl Mozilla/4.0 (compatible; MSIE 6.0 Linux; MOTOROKRZ6;nnn) Profile/MIDP-2.0 Configuration/CLDC-1.1 Opera 8.50[yy]"
},{
  "_id": {
    "$oid": "61f92af0b92c9e78a9e4470e"
  },
  "time": "2/1/2022 | 6:13:28 PM",
  "timestamp": 1643719408832,
  "username": "12345678",
  "userAgent": "Motorola-V3m Obigo"
},{
  "_id": {
    "$oid": "61f92af1b92c9e78a9e44712"
  },
  "time": "2/1/2022 | 6:13:29 PM",
  "timestamp": 1643719409037,
  "username": "andy",
  "userAgent": "MovableType/x.x"
},{
  "_id": {
    "$oid": "61f92af1b92c9e78a9e44716"
  },
  "time": "2/1/2022 | 6:13:29 PM",
  "timestamp": 1643719409245,
  "username": "player",
  "userAgent": "Mozilla/1.1 (compatible; MSPIE 2.0; Windows CE)"
},{
  "_id": {
    "$oid": "61f92af1b92c9e78a9e4471a"
  },
  "time": "2/1/2022 | 6:13:29 PM",
  "timestamp": 1643719409450,
  "username": "tigger",
  "userAgent": "Mozilla/1.10 [en] (Compatible; RISC OS 3.70; Oregano 1.10)"
},{
  "_id": {
    "$oid": "61f92af1b92c9e78a9e4471e"
  },
  "time": "2/1/2022 | 6:13:29 PM",
  "timestamp": 1643719409652,
  "username": "chicken",
  "userAgent": "Mozilla/1.22 (compatible; MSIE 2.0d; Windows NT)"
},{
  "_id": {
    "$oid": "61f92af1b92c9e78a9e44722"
  },
  "time": "2/1/2022 | 6:13:29 PM",
  "timestamp": 1643719409859,
  "username": "adam",
  "userAgent": "Mozilla/1.22 (compatible; MSIE 5.01; PalmOS 3.0) EudoraWeb 2"
},{
  "_id": {
    "$oid": "61f92af2b92c9e78a9e44726"
  },
  "time": "2/1/2022 | 6:13:30 PM",
  "timestamp": 1643719410056,
  "username": "stuart",
  "userAgent": "Mozilla/2.0 (Compatible; AOL-IWENG 3.0; Win16)"
},{
  "_id": {
    "$oid": "61f92af2b92c9e78a9e4472a"
  },
  "time": "2/1/2022 | 6:13:30 PM",
  "timestamp": 1643719410259,
  "username": "dakota",
  "userAgent": "Mozilla/2.0 (compatible; AOL 3.0; Mac_PowerPC)"
},{
  "_id": {
    "$oid": "61f92af2b92c9e78a9e4472e"
  },
  "time": "2/1/2022 | 6:13:30 PM",
  "timestamp": 1643719410460,
  "username": "robbie",
  "userAgent": "Mozilla/2.0 (compatible; MS FrontPage x.0)"
},{
  "_id": {
    "$oid": "61f92af2b92c9e78a9e44732"
  },
  "time": "2/1/2022 | 6:13:30 PM",
  "timestamp": 1643719410664,
  "username": "prince",
  "userAgent": "Mozilla/2.0 (compatible; MSIE 2.1; Mac_PowerPC)"
},{
  "_id": {
    "$oid": "61f92af2b92c9e78a9e44736"
  },
  "time": "2/1/2022 | 6:13:30 PM",
  "timestamp": 1643719410868,
  "username": "falcon",
  "userAgent": "Mozilla/2.0 (compatible; MSIE 3.0; AK; Windows 95)"
},{
  "_id": {
    "$oid": "61f92af3b92c9e78a9e4473a"
  },
  "time": "2/1/2022 | 6:13:31 PM",
  "timestamp": 1643719411072,
  "username": "bigdick",
  "userAgent": "Mozilla/2.0 (compatible; MSIE 3.0; Windows 3.1)"
},{
  "_id": {
    "$oid": "61f92af3b92c9e78a9e4473e"
  },
  "time": "2/1/2022 | 6:13:31 PM",
  "timestamp": 1643719411275,
  "username": "rocket",
  "userAgent": "Mozilla/2.0 (compatible; MSIE 3.02; Update a; AK; Windows NT)"
},{
  "_id": {
    "$oid": "61f92af3b92c9e78a9e44742"
  },
  "time": "2/1/2022 | 6:13:31 PM",
  "timestamp": 1643719411477,
  "username": "marcus",
  "userAgent": "Mozilla/2.0 (compatible; MSIE 3.02; Update a; AOL 3.0; Windows 95)"
},{
  "_id": {
    "$oid": "61f92af3b92c9e78a9e44746"
  },
  "time": "2/1/2022 | 6:13:31 PM",
  "timestamp": 1643719411680,
  "username": "tiger",
  "userAgent": "Mozilla/2.0 (compatible; MSIE 3.0B; Win32)"
},{
  "_id": {
    "$oid": "61f92af3b92c9e78a9e4474a"
  },
  "time": "2/1/2022 | 6:13:31 PM",
  "timestamp": 1643719411883,
  "username": "orange",
  "userAgent": "Mozilla/2.01 (Win16; I)"
},{
  "_id": {
    "$oid": "61f92af4b92c9e78a9e4474e"
  },
  "time": "2/1/2022 | 6:13:32 PM",
  "timestamp": 1643719412087,
  "username": "rabbit",
  "userAgent": "Mozilla/2.02Gold (Win95; I)"
},{
  "_id": {
    "$oid": "61f92af4b92c9e78a9e44752"
  },
  "time": "2/1/2022 | 6:13:32 PM",
  "timestamp": 1643719412289,
  "username": "hello",
  "userAgent": "Mozilla/2.0"
},{
  "_id": {
    "$oid": "61f92af4b92c9e78a9e44756"
  },
  "time": "2/1/2022 | 6:13:32 PM",
  "timestamp": 1643719412491,
  "username": "dan",
  "userAgent": "Mozilla/3.0 (compatible; AvantGo 3.2)"
},{
  "_id": {
    "$oid": "61f92af4b92c9e78a9e4475a"
  },
  "time": "2/1/2022 | 6:13:32 PM",
  "timestamp": 1643719412692,
  "username": "cookie",
  "userAgent": "Mozilla/3.0 (compatible; HP Web PrintSmart 04b0 1.0.1.34)"
},{
  "_id": {
    "$oid": "61f92af4b92c9e78a9e4475e"
  },
  "time": "2/1/2022 | 6:13:32 PM",
  "timestamp": 1643719412898,
  "username": "albert",
  "userAgent": "Mozilla/3.0 (compatible; NetPositive/2.2)"
},{
  "_id": {
    "$oid": "61f92af5b92c9e78a9e44762"
  },
  "time": "2/1/2022 | 6:13:33 PM",
  "timestamp": 1643719413102,
  "username": "roberto",
  "userAgent": "Mozilla/3.0 (compatible; Opera/3.0; Windows 3.1) v3.1"
},{
  "_id": {
    "$oid": "61f92af5b92c9e78a9e44766"
  },
  "time": "2/1/2022 | 6:13:33 PM",
  "timestamp": 1643719413306,
  "username": "morgan",
  "userAgent": "Mozilla/3.0 (compatible; Opera/3.0; Windows 95/NT4) 3.2"
},{
  "_id": {
    "$oid": "61f92af5b92c9e78a9e4476a"
  },
  "time": "2/1/2022 | 6:13:33 PM",
  "timestamp": 1643719413508,
  "username": "markus",
  "userAgent": "Mozilla/3.0 (Liberate DTV 1.1)"
},{
  "_id": {
    "$oid": "61f92af5b92c9e78a9e4476e"
  },
  "time": "2/1/2022 | 6:13:33 PM",
  "timestamp": 1643719413710,
  "username": "douglas",
  "userAgent": "Mozilla/3.0 (Planetweb/2.100 JS SSL US; Dreamcast US)"
},{
  "_id": {
    "$oid": "61f92af5b92c9e78a9e44772"
  },
  "time": "2/1/2022 | 6:13:33 PM",
  "timestamp": 1643719413912,
  "username": "simon",
  "userAgent": "Mozilla/3.0 (Win16; I)"
},{
  "_id": {
    "$oid": "61f92af6b92c9e78a9e44776"
  },
  "time": "2/1/2022 | 6:13:34 PM",
  "timestamp": 1643719414116,
  "username": "pass",
  "userAgent": "Mozilla/3.0 (Win95; I)"
},{
  "_id": {
    "$oid": "61f92af6b92c9e78a9e4477a"
  },
  "time": "2/1/2022 | 6:13:34 PM",
  "timestamp": 1643719414324,
  "username": "chuck",
  "userAgent": "Mozilla/3.0 (WinNT; I)"
},{
  "_id": {
    "$oid": "61f92af6b92c9e78a9e4477e"
  },
  "time": "2/1/2022 | 6:13:34 PM",
  "timestamp": 1643719414522,
  "username": "angel",
  "userAgent": "Mozilla/3.0 (WorldGate Gazelle 3.5.1 build 11; FreeBSD2.2.8-STABLE)"
},{
  "_id": {
    "$oid": "61f92af6b92c9e78a9e44782"
  },
  "time": "2/1/2022 | 6:13:34 PM",
  "timestamp": 1643719414725,
  "username": "ronnie",
  "userAgent": "Mozilla/3.0 (X11; I; OSF1 V4.0 alpha)"
},{
  "_id": {
    "$oid": "61f92af6b92c9e78a9e44786"
  },
  "time": "2/1/2022 | 6:13:34 PM",
  "timestamp": 1643719414930,
  "username": "rick",
  "userAgent": "Mozilla/3.0 NAVIO_AOLTV (11; 13; Philips; PH200; 1; R2.0C36_AOL.0110OPTIK; R2.0.0139d_OPTIK)"
},{
  "_id": {
    "$oid": "61f92af7b92c9e78a9e4478a"
  },
  "time": "2/1/2022 | 6:13:35 PM",
  "timestamp": 1643719415128,
  "username": "miller",
  "userAgent": "Mozilla/3.0 WebTV/1.2 (compatible; MSIE 2.0)"
},{
  "_id": {
    "$oid": "61f92af7b92c9e78a9e4478e"
  },
  "time": "2/1/2022 | 6:13:35 PM",
  "timestamp": 1643719415330,
  "username": "barney",
  "userAgent": "Mozilla/3.01-C-MACOS8 (Macintosh; I; PPC)"
},{
  "_id": {
    "$oid": "61f92af7b92c9e78a9e44796"
  },
  "time": "2/1/2022 | 6:13:35 PM",
  "timestamp": 1643719415737,
  "username": "lucky",
  "userAgent": "Mozilla/3.01 (compatible; Netbox/3.5 R92; Linux 2.2)"
},{
  "_id": {
    "$oid": "61f92af7b92c9e78a9e4479a"
  },
  "time": "2/1/2022 | 6:13:35 PM",
  "timestamp": 1643719415940,
  "username": "rodney",
  "userAgent": "Mozilla/3.01Gold (X11; I; Linux 2.0.32 i486)"
},{
  "_id": {
    "$oid": "61f92af8b92c9e78a9e4479e"
  },
  "time": "2/1/2022 | 6:13:36 PM",
  "timestamp": 1643719416141,
  "username": "larry",
  "userAgent": "Mozilla/3.01Gold (X11; I; SunOS 5.5.1 sun4m)"
},{
  "_id": {
    "$oid": "61f92af8b92c9e78a9e447a2"
  },
  "time": "2/1/2022 | 6:13:36 PM",
  "timestamp": 1643719416347,
  "username": "tom",
  "userAgent": "Mozilla/3.01SGoldC-SGI (X11; I; IRIX 6.3 IP32)"
},{
  "_id": {
    "$oid": "61f92af8b92c9e78a9e447a6"
  },
  "time": "2/1/2022 | 6:13:36 PM",
  "timestamp": 1643719416562,
  "username": "curtis",
  "userAgent": "Mozilla/3.04 (compatible; ANTFresco/2.13; RISC OS 4.02)"
},{
  "_id": {
    "$oid": "61f92af8b92c9e78a9e447aa"
  },
  "time": "2/1/2022 | 6:13:36 PM",
  "timestamp": 1643719416765,
  "username": "scooby",
  "userAgent": "Mozilla/3.04 (compatible; NCBrowser/2.35; ANTFresco/2.17; RISC OS-NC 5.13 Laz1UK1309)"
},{
  "_id": {
    "$oid": "61f92af8b92c9e78a9e447ae"
  },
  "time": "2/1/2022 | 6:13:36 PM",
  "timestamp": 1643719416967,
  "username": "nick",
  "userAgent": "Mozilla/3.04 (compatible;QNX Voyager 2.03B ;Photon)"
},{
  "_id": {
    "$oid": "61f92af9b92c9e78a9e447b2"
  },
  "time": "2/1/2022 | 6:13:37 PM",
  "timestamp": 1643719417172,
  "username": "Michael",
  "userAgent": "Mozilla/3.x (I-Opener 1.1; Netpliance)"
}]