[{"username":"cbardill0","password":"vPHocPqJ"},
{"username":"jritchings1","password":"8g9dL4dc"},
{"username":"amacrierie2","password":"Jg6Rai"},
{"username":"lbohlmann3","password":"NtJy5L"},
{"username":"dbeazley4","password":"Q8jAIWVL"},
{"username":"hsugar5","password":"qOTnwE"},
{"username":"hsemonin6","password":"epSAwRkJhPIN"},
{"username":"wryrie7","password":"xH2fawp4Y"},
{"username":"rshepherd8","password":"DLUjgl4jf7ef"},
{"username":"tdauber9","password":"qMuVgFdcS"},
{"username":"jegglesona","password":"yop5EEIhmLOp"},
{"username":"rnootb","password":"eHgeUHvXX"},
{"username":"ecantonc","password":"bkOdlRmCJvvX"},
{"username":"acarrivickd","password":"rTCwpn5zX"},
{"username":"mmuglestonee","password":"Q9VVBVoZfg2h"},
{"username":"telwardf","password":"7ul4gyoVupF"},
{"username":"lwalczynskig","password":"AuKhNUmtlR"},
{"username":"lkingcoteh","password":"OId206QX"},
{"username":"lgorleri","password":"pdJj1AS56GQ"},
{"username":"pfranksj","password":"hcxI79lm03E"},
{"username":"gbuckiek","password":"HJJ7aP"},
{"username":"larckolll","password":"xtBykM4ZjYi"},
{"username":"eemorm","password":"msIkKG"},
{"username":"gtiffneyn","password":"LXQUOX3VEv"},
{"username":"fhoultono","password":"wHAZa8WbOtA"},
{"username":"kbusstp","password":"6a12e5sGfdjf"},
{"username":"bsandemanq","password":"sCW6N9YfeYR"},
{"username":"ldorosarior","password":"6fYjV9dX"},
{"username":"shirsthouses","password":"iIJaaMSu4"},
{"username":"gsquibbst","password":"SaxWj9wYricS"},
{"username":"lwittieru","password":"SOyxYYHimuLt"},
{"username":"krawlcliffev","password":"gjPZ7ZcLv"},
{"username":"kmoakesw","password":"9Lpkfhd"},
{"username":"olanktreex","password":"9eYn5n"},
{"username":"srosenbergy","password":"AbB8I89uxp"},
{"username":"ctoftz","password":"166RdtK"},
{"username":"gtures10","password":"q4FfUq"},
{"username":"dbanford11","password":"t3gwfxQ"},
{"username":"lbewick12","password":"mvANRqL"},
{"username":"mgaspero13","password":"WRVLLFqYAWhU"},
{"username":"bmatteini14","password":"yERhFbL6o3P"},
{"username":"udakhno15","password":"ZHIwT83xgea"},
{"username":"gneilly16","password":"DfO0KeIWIH"},
{"username":"ctock17","password":"6Zoq92BTksi"},
{"username":"lglede18","password":"pXw38D"},
{"username":"arushford19","password":"LcFeUvvMV"},
{"username":"ssuddell1a","password":"3OF6EPoZAUb"},
{"username":"kelcoux1b","password":"qRGZw932Z"},
{"username":"dphidgin1c","password":"cckc101"},
{"username":"hmcsorley1d","password":"E2VBhSfjVzL"},
{"username":"cduffrie1e","password":"sQmhBpy1Sl"},
{"username":"graithmill1f","password":"JkP3fwcjnt"},
{"username":"gmckennan1g","password":"Zog6l8b5Ruw"},
{"username":"bducker1h","password":"GJQimGRHusdW"},
{"username":"ocaws1i","password":"3eNBq08GgP"},
{"username":"bvasey1j","password":"14ioruQ2"},
{"username":"fperutto1k","password":"zlmmPSMjPOC"},
{"username":"pwalkley1l","password":"Xd4o22urUnP8"},
{"username":"operelli1m","password":"HUNxtWc3nJ"},
{"username":"gwillshear1n","password":"FpGYa0UKZL"},
{"username":"ddebeauchamp1o","password":"T8i073"},
{"username":"fedwinson1p","password":"zy5SrzYO"},
{"username":"yparrott1q","password":"EASJd3F5"},
{"username":"hmarcone1r","password":"CzeGFCLeL0u8"},
{"username":"bkinker1s","password":"P2LDBMw0kV8t"},
{"username":"ntrigg1t","password":"Hz9Uc7jD67Rm"},
{"username":"cwombwell1u","password":"ULsHQN"},
{"username":"rpreskett1v","password":"tiw327"},
{"username":"elarkin1w","password":"P5vk6gtFCL5"},
{"username":"aramberg1x","password":"j6khoQJl8"},
{"username":"cestevez1y","password":"iBwcfqAm"},
{"username":"mthebes1z","password":"Veqsvke20dh"},
{"username":"llindenblatt20","password":"B725whPdFHj"},
{"username":"sjantel21","password":"ZtuyPsRk"},
{"username":"mmckirdy22","password":"9TSWNfW2"},
{"username":"skurt23","password":"Fi453d91ry"},
{"username":"ckirwin24","password":"yUjGk9l7dh"},
{"username":"hchave25","password":"oZz1IB6BJ"},
{"username":"cfernyhough26","password":"NLh9UebE"},
{"username":"hsparrowe27","password":"ObZ0830kl"},
{"username":"gmay28","password":"hZHuQ8pmH"},
{"username":"bbischof29","password":"81pKIEOe"},
{"username":"xmckniely2a","password":"ZfetQigZ"},
{"username":"mroony2b","password":"RXE41TxPuRL5"},
{"username":"pdavitt2c","password":"Fef1YLTjheQl"},
{"username":"dogelbe2d","password":"951Ick"},
{"username":"hfitzsimmons2e","password":"DcpeLtwNsIYg"},
{"username":"apitcock2f","password":"I72VbwwKS39P"},
{"username":"mfranceschi2g","password":"kMNHs03jHO"},
{"username":"cbrahms2h","password":"wp93lISwYjU"},
{"username":"dskyme2i","password":"TJ1O1QD"},
{"username":"lcristou2j","password":"EcVyNu0WoyU"},
{"username":"vheaphy2k","password":"V1agGMNI"},
{"username":"ksheaber2l","password":"HnvOD75riCu"},
{"username":"ghawthorne2m","password":"Y2LgaBxJPMu3"},
{"username":"medens2n","password":"kF7pxyRCfu"},
{"username":"jlyster2o","password":"zsozMPOtopoy"},
{"username":"aloades2p","password":"bQZilMX4"},
{"username":"okeyes2q","password":"ZauFtQl"},
{"username":"atheobald2r","password":"k0KG1I6"},
{"username":"wleadbeatter2s","password":"DMsm68xjJk"},
{"username":"kbuten2t","password":"1F0K73Ajv31X"},
{"username":"acatterick2u","password":"f9v70gInz"},
{"username":"drawle2v","password":"O6TVGOrBk"},
{"username":"devered2w","password":"v5qpiJX"},
{"username":"bdaubney2x","password":"gj4mSnhJXF"},
{"username":"bfoggarty2y","password":"e3u5Mz"},
{"username":"jgallegos2z","password":"hLN7wNOCMZ"},
{"username":"ldoul30","password":"d249vZVUM7"},
{"username":"shallwell31","password":"jOR3SXZ"},
{"username":"cjonczyk32","password":"z9vLW9tyG"},
{"username":"ostennet33","password":"lNlAgL37D"},
{"username":"fkestin34","password":"qoUDZIC"},
{"username":"emacknocker35","password":"nszHzokkWH5"},
{"username":"ppountney36","password":"i431CLb"},
{"username":"pderwin37","password":"zaOR8Hp2jkCh"},
{"username":"rdoubrava38","password":"JpVrtExSzOQ"},
{"username":"nfollan39","password":"mQfnJaGZ9Hj6"},
{"username":"mcrowcroft3a","password":"zfxuRB"},
{"username":"osangwine3b","password":"y37f6UBy"},
{"username":"mabys3c","password":"rrf6jTbWK"},
{"username":"asammut3d","password":"GfhWrRnhBUaH"},
{"username":"ldecristofalo3e","password":"pIJN3UIUDm"},
{"username":"jbasketter3f","password":"T3ygk2T"},
{"username":"rtrebilcock3g","password":"0eJfhvy"},
{"username":"mpomfret3h","password":"ddLE2Uw"},
{"username":"twagner3i","password":"sN08FFkGMwzj"},
{"username":"nhanbury3j","password":"Ve4oOHr"},
{"username":"sedie3k","password":"AUccpLX0bHq"},
{"username":"jmcgilbon3l","password":"h0kn9L"},
{"username":"bevennett3m","password":"BzNEQQu"},
{"username":"bblant3n","password":"qucLqg"},
{"username":"hbrenston3o","password":"F3eaTJx1Yf"},
{"username":"ewittier3p","password":"90o6dV8"},
{"username":"vsadd3q","password":"dTUNRmYDlLX"},
{"username":"bhaily3r","password":"6khRPzfIP7"},
{"username":"llepage3s","password":"eRXSn6"},
{"username":"tmctaggart3t","password":"BBaA6HEke"},
{"username":"rredgate3u","password":"yf4SzBBpd9i"},
{"username":"jclewlow3v","password":"ftn1AKyF"},
{"username":"mtschirasche3w","password":"iGva4gwBa"},
{"username":"hotto3x","password":"M3aA2EbVf"},
{"username":"fhebble3y","password":"QSWh7KcdarId"},
{"username":"zyounge3z","password":"OWSlSlH"},
{"username":"sgravestone40","password":"DqkIJWlw"},
{"username":"vmears41","password":"NHg66js"},
{"username":"galfonsetti42","password":"nKHRP0"},
{"username":"ctithacott43","password":"UOxI0x"},
{"username":"mlafrentz44","password":"Z7Ot8H6lsX"},
{"username":"lalmeida45","password":"RZAsdOfk"},
{"username":"nmurrthum46","password":"8ZOBJebKaE"},
{"username":"dbonsale47","password":"8XVeoqgH"},
{"username":"bbaptie48","password":"25F1n0KM7X"},
{"username":"mjeckells49","password":"NEXaZ3"},
{"username":"vbottrill4a","password":"Zg9fv3l"},
{"username":"ffaloon4b","password":"ejnjT4v5DakH"},
{"username":"kegdal4c","password":"POqXDm"},
{"username":"ndellcasa4d","password":"PhO2krJ"},
{"username":"cragat4e","password":"R1f009pY"},
{"username":"sdalessio4f","password":"hUZc2jPZE"},
{"username":"jrowat4g","password":"qGcexlq2O"},
{"username":"hshurey4h","password":"QqEle8"},
{"username":"stayt4i","password":"EvUdYrAQR7YN"},
{"username":"rbukac4j","password":"6nFU1ZPhY"},
{"username":"mberrigan4k","password":"uuZLOC"},
{"username":"fbaynam4l","password":"uVKSjXIBsY"},
{"username":"bfergusson4m","password":"EIiV9Tp9sy"},
{"username":"apeltzer4n","password":"uFNcy1f"},
{"username":"morvis4o","password":"kCJJbRT"},
{"username":"nrollin4p","password":"ZEBnssGmXnN"},
{"username":"mlatimer4q","password":"kwBmzhUVrR"},
{"username":"ddimitriev4r","password":"EgQJRx6YUXP"},
{"username":"lbloyes4s","password":"udYXY6sYXY7s"},
{"username":"ckelberer4t","password":"ZdRkvA2Fbu"},
{"username":"ddoohey4u","password":"oO0NYOBOEYus"},
{"username":"dbennough4v","password":"pqax6AheyGm"},
{"username":"lmincini4w","password":"cVNEsy"},
{"username":"mryam4x","password":"nrI8j0Awo"},
{"username":"emacelane4y","password":"HAz1k9uo"},
{"username":"hdienes4z","password":"ld7mBGoA7a7"},
{"username":"iheyball50","password":"oHe3si2Ac"},
{"username":"hdikelin51","password":"Ci82YpTt"},
{"username":"cwinspur52","password":"DaLIO5cCjHs"},
{"username":"rcalcutt53","password":"UUrRYmgrc"},
{"username":"epauls54","password":"xZpAkpSR9n"},
{"username":"dshiers55","password":"zBw5vovkQx"},
{"username":"tpolak56","password":"yhUppNV"},
{"username":"eraffon57","password":"ip8jOGyb"},
{"username":"bvowden58","password":"hVFx9wxWHl8"},
{"username":"wlichfield59","password":"pVn8TqAAOt"},
{"username":"ljoutapaitis5a","password":"WeUlvNe"},
{"username":"bgatheridge5b","password":"pq1aytW"},
{"username":"asmaridge5c","password":"erO1jw4KD"},
{"username":"rwratten5d","password":"AotjxvMFSl"},
{"username":"evilla5e","password":"rIdeZeick"},
{"username":"udabbs5f","password":"5CVWstm50W0"},
{"username":"smandre5g","password":"8d0xdEscSNM"},
{"username":"abroseke5h","password":"fXclZQ"},
{"username":"cchance5i","password":"tgOEhIB"},
{"username":"btrathen5j","password":"tOalN5M"},
{"username":"crawlence5k","password":"I2gHydVEa"},
{"username":"mlicciardiello5l","password":"m55vjV"},
{"username":"asnead5m","password":"3BskPYxeV"},
{"username":"mpartrick5n","password":"tBOFe7nvbc"},
{"username":"pgoldbourn5o","password":"Dntt5h"},
{"username":"cyanne5p","password":"eta1iEkeJ9Sr"},
{"username":"jshee5q","password":"iwa3Pw3IDmk1"},
{"username":"edudny5r","password":"zKMzrM2sb2"},
{"username":"msalsbury5s","password":"KoqjFATXJmQ"},
{"username":"dmarioneau5t","password":"OYNuZJXL33y"},
{"username":"jdunguy5u","password":"n1RvtNbX"},
{"username":"hherreros5v","password":"y7vOCp"},
{"username":"ckryzhov5w","password":"poTEy7B0uN"},
{"username":"ncleeton5x","password":"Ckcc7m8"},
{"username":"lshillinglaw5y","password":"1e5ZNGo0Dq"},
{"username":"cdehmel5z","password":"n8vvISpQ"},
{"username":"charmant60","password":"WcEUxE"},
{"username":"korpyne61","password":"IRFuw4Q1Ei"},
{"username":"rmaudlen62","password":"Sl8L8aViHq"},
{"username":"srussell63","password":"O2KuIyWajLl"},
{"username":"vgollard64","password":"08MsB37s"},
{"username":"mkrzyzaniak65","password":"a1M2lly"},
{"username":"mmitskevich66","password":"zyHobIDiDpM"},
{"username":"jbyles67","password":"10eRA0vlK"},
{"username":"mglawsop68","password":"TsR6yACSj"},
{"username":"jbassilashvili69","password":"TZyDPCimrC"},
{"username":"wkillingbeck6a","password":"iqMq9KqG5F8"},
{"username":"afenton6b","password":"pep46tnWQ"},
{"username":"awalesby6c","password":"JZnHs591d"},
{"username":"mbednall6d","password":"gpaoPc"},
{"username":"ssinderland6e","password":"ZkqmBx3R"},
{"username":"tthring6f","password":"D4VlQoFvSK"},
{"username":"jharriskine6g","password":"HIZtcMoJR7e"},
{"username":"hcoke6h","password":"OzIpWRwMpuJh"},
{"username":"eburchett6i","password":"2yX4ne7JW33"},
{"username":"mrosenthaler6j","password":"Xc45imHgr0"},
{"username":"mfoard6k","password":"n1Ufq5PP34"},
{"username":"ngrandham6l","password":"eiCx1olH"},
{"username":"bcourt6m","password":"WHUAiWz9PGh"},
{"username":"chadny6n","password":"M6a8uEkhAP8q"},
{"username":"ngalia6o","password":"UGn8PUWEQwJo"},
{"username":"gpeyro6p","password":"wgVDJHq"},
{"username":"kbeniesh6q","password":"Y6GICRvGIoKM"},
{"username":"jduns6r","password":"lRenWJEddH"},
{"username":"kelcome6s","password":"PHZI5Xt"},
{"username":"tdiddams6t","password":"Ux9upN3nzCQ0"},
{"username":"lrylance6u","password":"PhqcNP60xA"},
{"username":"wpierton6v","password":"7lFDcUPt9WmL"},
{"username":"abelcher6w","password":"5Udgmaw2r3m"},
{"username":"dgawke6x","password":"jrsZ0r2"},
{"username":"ghackley6y","password":"QUFvd0Wdt"},
{"username":"alampitt6z","password":"l1n4V2"},
{"username":"wagronski70","password":"ADssrJ"},
{"username":"mjodrellec71","password":"gotpvqf5dvT"},
{"username":"mebbotts72","password":"1cODBg"},
{"username":"cschwieso73","password":"T6312Sczf"},
{"username":"bmallya74","password":"yGNKa7QaS"},
{"username":"fewart75","password":"sO3I0EgSh1g"},
{"username":"glightowlers76","password":"02o21faDAYt"},
{"username":"bgosling77","password":"4KEOUw"},
{"username":"gsimison78","password":"lp9RhD4"},
{"username":"tkirtlan79","password":"slxqOQp3H0jv"},
{"username":"jcummine7a","password":"aTaCpj3"},
{"username":"ffrosch7b","password":"H3DXYUSjdmq"},
{"username":"gvears7c","password":"OKpWISmh"},
{"username":"tshortcliffe7d","password":"4MHwUGoF"},
{"username":"hhargey7e","password":"hzAtRFQZh"},
{"username":"bmathewes7f","password":"fHZjsc"},
{"username":"wcastel7g","password":"OEgag8xRcX"},
{"username":"skliment7h","password":"6fceOUu"},
{"username":"adumbarton7i","password":"ORz5Wcs"},
{"username":"bthompson7j","password":"9fA8DHwLhDj5"},
{"username":"aplanks7k","password":"zWfu1F"},
{"username":"abortoloni7l","password":"1WomRYRdw"},
{"username":"keva7m","password":"mtPYDNNzwi9"},
{"username":"pelliott7n","password":"dQHyhF61LS"},
{"username":"bpady7o","password":"lj0HZE"},
{"username":"gkennet7p","password":"o5wdsv28TC"},
{"username":"mkhristyukhin7q","password":"tFQqnO8U"},
{"username":"rjermyn7r","password":"gIPxX4D3Hn"},
{"username":"lslaight7s","password":"3M6Q229q3"},
{"username":"aowtram7t","password":"uNLTvrR5Si2"},
{"username":"knawton7u","password":"kJGf40Xik4q"},
{"username":"agiamelli7v","password":"khoXITwEzfJs"},
{"username":"kflatt7w","password":"uGZrIMIG"},
{"username":"lblasik7x","password":"mYgVUaaxc7WM"},
{"username":"fdalyell7y","password":"ITKfv8GNjk"},
{"username":"hchatain7z","password":"p6MzMj"},
{"username":"ebellas80","password":"xT3CUA"},
{"username":"rgrzegorczyk81","password":"kFFf6wsjrQF"},
{"username":"trikkard82","password":"ni2kXOTASe"},
{"username":"theathwood83","password":"TqEzPLBt"},
{"username":"agillson84","password":"wRkQlzSgs"},
{"username":"jgrayston85","password":"Lh46jmq"},
{"username":"ewey86","password":"gsa997FhK9t"},
{"username":"oconman87","password":"zU1xGQ34mNJ"},
{"username":"dhandover88","password":"2cQt2UXZ6BH"},
{"username":"kblaxter89","password":"IYt8mYTEwmRL"},
{"username":"mhoodspeth8a","password":"bJ1Gkqw"},
{"username":"jminker8b","password":"iiSEXOyD"},
{"username":"jhaste8c","password":"0NY6xj"},
{"username":"gjimmison8d","password":"HPgA9YjXkNg4"},
{"username":"lszanto8e","password":"kA2WjFQF"},
{"username":"ccashman8f","password":"JaBTwNKJnk"},
{"username":"ccowdrey8g","password":"7xsYGpML"},
{"username":"jjolliss8h","password":"VXgwyt"},
{"username":"dgiddens8i","password":"vR20w8Y"},
{"username":"bdocksey8j","password":"OekguGheA"},
{"username":"mgipp8k","password":"rslnkVYDoQTQ"},
{"username":"jreynoldson8l","password":"cD8bDswIgPfY"},
{"username":"mbrettoner8m","password":"k9bi8N7"},
{"username":"lmacnockater8n","password":"xshO5STwF"},
{"username":"cbatram8o","password":"OLR3kTJmFy"},
{"username":"kdulin8p","password":"txt7Aqwnj"},
{"username":"spatridge8q","password":"d5RAMFl"},
{"username":"kquigley8r","password":"LGtRVR"},
{"username":"oruller8s","password":"FMecD77SS"},
{"username":"cbeushaw8t","password":"trapfZsAShy"},
{"username":"bjolliffe8u","password":"0EfUZK1x6p"},
{"username":"lmilliere8v","password":"M0UXF6LlJN2"},
{"username":"cettery8w","password":"H5brSAT4Y7"},
{"username":"ikaradzas8x","password":"gpHtEb7nc"},
{"username":"rblinerman8y","password":"j3k8pjpKokJa"},
{"username":"aralls8z","password":"wZIu3FT"},
{"username":"clemonnier90","password":"IP9ZqiL"},
{"username":"mbakes91","password":"zweg72AuMl"},
{"username":"hlarciere92","password":"2l6vWA"},
{"username":"cwharin93","password":"YEtSYLMN"},
{"username":"godare94","password":"QSTUuXtsH"},
{"username":"sconkling95","password":"8pLexf3t"},
{"username":"hlangcaster96","password":"oJcfaF4d5XHL"},
{"username":"efaulo97","password":"PkbAhI6as2"},
{"username":"lthorburn98","password":"NsDlrieyweC"},
{"username":"mparsley99","password":"wYrD1h3"},
{"username":"agrolmann9a","password":"hfDhjrtCWI"},
{"username":"cwonfor9b","password":"169RFYM4ih"},
{"username":"zcorrigan9c","password":"8KbmAb"},
{"username":"rarnaudot9d","password":"OOqPm0"},
{"username":"lmaccrea9e","password":"NejUr9"},
{"username":"cgotobed9f","password":"6qhAOHNaFRJk"},
{"username":"blantaff9g","password":"PEQ9S1xgsq"},
{"username":"sjurs9h","password":"QNHOXYHRp"},
{"username":"smarquis9i","password":"XYC2Zo9"},
{"username":"sorigin9j","password":"ZpDChTpnyqLb"},
{"username":"nruperti9k","password":"kY7KFXACilV"},
{"username":"jphelps9l","password":"kdrydI"},
{"username":"gbemand9m","password":"hgl1TlbMui"},
{"username":"jmcduffy9n","password":"EpPds05F"},
{"username":"tmacgeaney9o","password":"aXSVHCgUq"},
{"username":"tgent9p","password":"sPtnCJ5sg"},
{"username":"rneate9q","password":"GD2rJVC"},
{"username":"ddureden9r","password":"ZYzqYrPZ"},
{"username":"kranking9s","password":"DQGSho"},
{"username":"jburgisi9t","password":"qewhkX"},
{"username":"bnono9u","password":"SXaLBMVtZz56"},
{"username":"etriggel9v","password":"sY3eS2It"},
{"username":"mbrady9w","password":"jVxCYw"},
{"username":"bbraunfeld9x","password":"3vYDCODN6"},
{"username":"twoodley9y","password":"1Vb9KFrF1C"},
{"username":"wzienkiewicz9z","password":"evYRBG"},
{"username":"groncia0","password":"nAIs5XwH"},
{"username":"rotridgea1","password":"jubRwysaaa"},
{"username":"devenetta2","password":"xvVEa60StldE"},
{"username":"rbeuricha3","password":"mUgrwQEKR"},
{"username":"galeksidzea4","password":"A5xkMMYmMQfC"},
{"username":"qcuredella5","password":"FHN17yXg1"},
{"username":"rallena6","password":"NvtaNMXwf8"},
{"username":"tephgravea7","password":"h2Tl3TKJAlf"},
{"username":"lbothwella8","password":"DatRMSno"},
{"username":"orudgea9","password":"qAxLzu8v6g"},
{"username":"cjustisaa","password":"JIAcyY4RXC"},
{"username":"wsiddenab","password":"CJn3ruH"},
{"username":"aalenovac","password":"qV8eD12pFP"},
{"username":"elainad","password":"FyCWx0go83Gd"},
{"username":"mkernoghanae","password":"nG0btZZUvr"},
{"username":"ddahlbergaf","password":"4vgiOG"},
{"username":"eheddonag","password":"3PPK95"},
{"username":"einsworthah","password":"ULglbzwosP4z"},
{"username":"afeakinsai","password":"lkadam8iMeE0"},
{"username":"aspargoaj","password":"GYfmUrwG4"},
{"username":"dpawlickiak","password":"uXid79F7lV"},
{"username":"gpristnoral","password":"rmWrhA"},
{"username":"tblinderam","password":"emlzgee"},
{"username":"hthrussellan","password":"7fH3Fmw"},
{"username":"alouderao","password":"r2y37Igj"},
{"username":"mklynap","password":"MGhOi00HaA"},
{"username":"lvaseaq","password":"FCXl137"},
{"username":"iamoriar","password":"ghBk3FGn"},
{"username":"dborrieas","password":"PZMHfi0wV"},
{"username":"ndransfieldat","password":"wvhgUiAWWJ"},
{"username":"cluetchfordau","password":"Be1qC4i6qn"},
{"username":"alooksav","password":"urJU0F"},
{"username":"vstpierreaw","password":"LK82hTW9twf4"},
{"username":"sbradnockeax","password":"wlJcsK"},
{"username":"sbeckworthay","password":"hrYy1g"},
{"username":"brontschaz","password":"KELjqT85a"},
{"username":"dferroneb0","password":"QA9kcr"},
{"username":"edeaguirreb1","password":"Gsriv4"},
{"username":"jbanasevichb2","password":"1HZNRmDe7"},
{"username":"hstraughanb3","password":"TCPoSF"},
{"username":"hmckeatingb4","password":"XN7I0ywKZeN"},
{"username":"bmeiningenb5","password":"tgjmLFAyeIRw"},
{"username":"gkornackib6","password":"ViNSvxI6NnEb"},
{"username":"eshillinglawb7","password":"aHwFqrzhzp"},
{"username":"ynettlesb8","password":"vArOiVgV"},
{"username":"gburnhamb9","password":"yCmbqdZS"},
{"username":"bdonohoeba","password":"Gf9bLe"},
{"username":"mkingswoodbb","password":"6U3Z6QMwVMtJ"},
{"username":"ftinnerbc","password":"3FyiiPcRE"},
{"username":"rrobensbd","password":"k66olibzMcDK"},
{"username":"dmarquetbe","password":"UTafbdNgma"},
{"username":"bketleybf","password":"mCUeJ4UY4eO"},
{"username":"dmckeneybg","password":"DwrenRMpQSDS"},
{"username":"hblainbh","password":"SVNpdty"},
{"username":"cburneybi","password":"Kxxj8m"},
{"username":"bmaciabj","password":"lvXIzrgbxd"},
{"username":"rbointonbk","password":"h2yzF8rFY3"},
{"username":"lgoanebl","password":"GFSS1wteq"},
{"username":"soneilbm","password":"lDj1RmnIqSY"},
{"username":"jchingebn","password":"NmT0uo4B4"},
{"username":"bsimoneaubo","password":"CKTkwXfa"},
{"username":"mcaghybp","password":"0P6pWAe"},
{"username":"dmcfarlanebq","password":"hQrjL7y2a"},
{"username":"bmertonbr","password":"zj71xUOee"},
{"username":"mdeesonbs","password":"HsquaE"},
{"username":"cdannehlbt","password":"0jTixFoOZqrx"},
{"username":"agoodnowbu","password":"0fRZvGl6"},
{"username":"aodooghainebv","password":"7zcCgxMEb"},
{"username":"blungebw","password":"E9L7qq8ouy"},
{"username":"tcamplejohnbx","password":"KVtn7piw9UQ3"},
{"username":"mnorkuttby","password":"D9TOcB"},
{"username":"eroskelleybz","password":"paVMdxx9J"},
{"username":"cclausenthuec0","password":"r1A1zFbzm"},
{"username":"raffronc1","password":"G7icCyAPXx"},
{"username":"pbulmerc2","password":"4MjXLELPIScM"},
{"username":"pezzellc3","password":"4EEfZuVn"},
{"username":"kreolfic4","password":"LMbcXFYd4yO7"},
{"username":"nnesterovc5","password":"0N11Gz6P1"},
{"username":"mhasneyc6","password":"hTH0bM"},
{"username":"alodewickc7","password":"kmT31tNoa"},
{"username":"jschneidarc8","password":"8ztHCabFwyEM"},
{"username":"dmucklec9","password":"wXSMWOu1eUBH"},
{"username":"cbestwerthickca","password":"BbCiB8Q6"},
{"username":"nmcgriffincb","password":"QgvSeNLpG0mN"},
{"username":"djeramcc","password":"mdSYFwE4b"},
{"username":"anewcomencd","password":"zF9ogZhF"},
{"username":"mwhebellce","password":"aCKEHLem"},
{"username":"rcorsorcf","password":"BqUrbidSr"},
{"username":"kfranzschoningercg","password":"RkSR9e"},
{"username":"acornallch","password":"G5GLY3L7dpqx"},
{"username":"chamflettci","password":"laJ9QAw4rrjb"},
{"username":"ttummonscj","password":"vI2wklpEZNi"},
{"username":"jsandonck","password":"yOsbGAUrq6UI"},
{"username":"rmacdermottcl","password":"T3dp0Zmurgf"},
{"username":"abouchcm","password":"DijfbT"},
{"username":"bkubincn","password":"1JHYPlrQS"},
{"username":"enavarijoco","password":"Mn6jpJzWSrV"},
{"username":"kwakerleycp","password":"glCPOPfE"},
{"username":"geglecq","password":"6rb3F739Q"},
{"username":"cshillingcr","password":"HOGfJZD"},
{"username":"calfonsettocs","password":"joRIUvJ1"},
{"username":"dheinrichct","password":"Rpmt2m"},
{"username":"loflynncu","password":"hM9yuqYyZIjE"},
{"username":"gheindrichcv","password":"bgCC5M"},
{"username":"apinnigarcw","password":"0lReQyPq"},
{"username":"cpidgencx","password":"RtgBCW049"},
{"username":"halwency","password":"W31oiVXW49"},
{"username":"abalharrycz","password":"BJNYMWnULGO"},
{"username":"pheineked0","password":"MgtPKaw"},
{"username":"cmillimoed1","password":"HV7VsI"},
{"username":"gollerhadd2","password":"U0u1ly"},
{"username":"dstolbergd3","password":"JBGURaJg"},
{"username":"omacquired4","password":"xZGyouhco"},
{"username":"ktenauntd5","password":"Uc4hLqk5nf3p"},
{"username":"pfarfalameevd6","password":"1LPFmDPS3wb"},
{"username":"ssaltmand7","password":"DanjoegTzj"},
{"username":"ctilted8","password":"pTTjGaGew"},
{"username":"bairdd9","password":"8rwLSan4s"},
{"username":"nhadfieldda","password":"mgy3Gf"},
{"username":"bnaptinedb","password":"V41JGdrc434X"},
{"username":"nchidlerdc","password":"Ov6v76"},
{"username":"fgeartydd","password":"mCSoYyzrZjw"},
{"username":"gmapplebeckde","password":"N3fhg6jt6C"},
{"username":"dsiddendf","password":"IW0Urf"},
{"username":"jlampkedg","password":"wfdsoimR"},
{"username":"vhankinsdh","password":"HTQUtuul"},
{"username":"spaviourdi","password":"ExHRRxYQ"},
{"username":"hburwelldj","password":"vlRgAB30"},
{"username":"delletsondk","password":"CN9SfyQ4LY7W"},
{"username":"fcronkshawdl","password":"qMn4i1CnIHx"},
{"username":"mstodhartdm","password":"9cSyeO"},
{"username":"jaymesdn","password":"abVEQIj"},
{"username":"fbrekonridgedo","password":"sYTqubq8s"},
{"username":"kbrasherdp","password":"KBF3dzv"},
{"username":"avandeveldedq","password":"jo7G066sU"},
{"username":"fmackellendr","password":"Y76O5VgW2b"},
{"username":"glancashireds","password":"IGSltD0H2Z"},
{"username":"manniwelldt","password":"DAMFsBd"},
{"username":"gskechleydu","password":"BGJXXMY"},
{"username":"doverpooldv","password":"u3FuyMxVMm26"},
{"username":"hvereydw","password":"WRXDxY"},
{"username":"llevershadx","password":"prv2a9Ql"},
{"username":"jogeaneydy","password":"jnQTJb"},
{"username":"rjennerydz","password":"6oOQw2PSdfpc"},
{"username":"nbartoseke0","password":"HQ2MkUdv"},
{"username":"eklaase1","password":"qNCkBjKZ0Kn1"},
{"username":"pfanne2","password":"inqnB0IHLb"},
{"username":"gzmitroviche3","password":"oacdlZtX"},
{"username":"chorribinee4","password":"uCiilVnh"},
{"username":"loherne5","password":"kn9hDo5QjH"},
{"username":"mbriggee6","password":"r791dA"},
{"username":"cbraime7","password":"Hu6QgTu1vJ"},
{"username":"ostaniforthe8","password":"cZeWJiTuL"},
{"username":"mhynarde9","password":"yfgRnUIem3e"},
{"username":"nsaphirea","password":"KFCf59D7K"},
{"username":"shundelleb","password":"qyba8Ho"},
{"username":"dkinvanec","password":"8dcWl9"},
{"username":"tbrindeded","password":"xaIhll"},
{"username":"skerwickee","password":"KlhitNl"},
{"username":"wianneef","password":"Ahd0ckXL"},
{"username":"epumfretteg","password":"qzagcOuqqZEt"},
{"username":"smacaskieeh","password":"wqsAqSGvDVab"},
{"username":"kfeldsternei","password":"POuYPVzZawI"},
{"username":"kpulleyej","password":"tPMSc0S"},
{"username":"rfarrantek","password":"x72rYTWG1H"},
{"username":"ehairsnapeel","password":"z8gdouN"},
{"username":"iabbadoem","password":"9Li3uU5eCn"},
{"username":"rfeatherstonhalghen","password":"lcD6gbEiVxzH"},
{"username":"loconoreo","password":"C4DEelU8o3v"},
{"username":"smoncrieffeep","password":"Mzu1WzqD7xx"},
{"username":"rbrehateq","password":"3pFPx9l"},
{"username":"rfraineer","password":"VtFhbyAKItA"},
{"username":"dseyes","password":"DOrxxJONKwvX"},
{"username":"mlittledikeet","password":"LtReOJp6cDg"},
{"username":"gchamleyeu","password":"f0CoMUYapIp"},
{"username":"mweatherupev","password":"wecrqaJESxO"},
{"username":"kshawew","password":"UqNY5Q"},
{"username":"sdanilyakex","password":"gWVcKHt"},
{"username":"imccuskerey","password":"velATKr"},
{"username":"gdreweez","password":"bbkrjIqnOu"},
{"username":"bbonsallf0","password":"t1pUk0sI4MLg"},
{"username":"amaplethorpf1","password":"r6WYynz2o1"},
{"username":"tdallemoref2","password":"IuZ2pSAb8eD"},
{"username":"gbortolif3","password":"mD72Bf6L"},
{"username":"rpetheridgef4","password":"0kHpQkDi"},
{"username":"sewebankf5","password":"iFzSj1v"},
{"username":"dmowbrayf6","password":"Xj0inTR8"},
{"username":"rslesserf7","password":"4LPW8Vbka"},
{"username":"syouthedf8","password":"XK5hPbT"},
{"username":"ehainsf9","password":"c2bPZXbz"},
{"username":"apezeyfa","password":"lqE1Hz3oWh"},
{"username":"lcansdellfb","password":"xrh23gbPz4"},
{"username":"vparisofc","password":"Uo4rFh"},
{"username":"tperrotfd","password":"ZTChVcCZfa3g"},
{"username":"rkortingfe","password":"lZC2w8x"},
{"username":"acarlyleff","password":"MJVyitsfwCH"},
{"username":"deskriettfg","password":"4rD744"},
{"username":"ckerswellfh","password":"N03VqDZX"},
{"username":"nskellyfi","password":"zukFawq2"},
{"username":"ngrobfj","password":"hZ0ElYu1HyEJ"},
{"username":"dlaurentyfk","password":"O4kvZjAqM2"},
{"username":"bmacswaydefl","password":"dZEzDV1"},
{"username":"lsclandersfm","password":"pLYOmsVYG"},
{"username":"mfalconbridgefn","password":"c0xcPn"},
{"username":"sreyburnfo","password":"3rPrDRxMGp7t"},
{"username":"mbroschfp","password":"AjLtosF1ofV"},
{"username":"ylondesboroughfq","password":"VWmK2Zy"},
{"username":"heacottfr","password":"9vqNRoP"},
{"username":"ecastanosfs","password":"tUKKAbJCxO"},
{"username":"mgegayft","password":"TRJXuB2sWz4Q"},
{"username":"scowansfu","password":"OpuMhR"},
{"username":"styzackfv","password":"Em2k0WvsSNn"},
{"username":"mgaitherfw","password":"zrTe8m"},
{"username":"tscatcharfx","password":"fVlT2bGRT9y"},
{"username":"pwaythingfy","password":"244IB12omlo"},
{"username":"nmuehlefz","password":"k9eEq6cCG"},
{"username":"fanwylg0","password":"EIaTvNaKu"},
{"username":"dtabourelg1","password":"26HwSYP6lG5Z"},
{"username":"cmalyg2","password":"KBzu7UHD9"},
{"username":"wcollumg3","password":"cTTnfDtOA7f"},
{"username":"miskowiczg4","password":"cAZNjiyGK"},
{"username":"zmainwaringg5","password":"2Kavkz4e1j"},
{"username":"bsprittg6","password":"jqxf6NiqJ"},
{"username":"oblanceg7","password":"Kd5m0XDT"},
{"username":"bashburnerg8","password":"WyIdx9QM"},
{"username":"dhalbardg9","password":"Km7aJFj"},
{"username":"ecrucettiga","password":"FJdhdiPVXA"},
{"username":"apaulsengb","password":"yEso9uRk"},
{"username":"stwyfordgc","password":"Tqlf6i"},
{"username":"htreegd","password":"Lbt2fRvN"},
{"username":"sremingtonge","password":"kaX50HE"},
{"username":"efairbardgf","password":"Patb5YaS"},
{"username":"mashbeegg","password":"2XltuxH"},
{"username":"ckearlegh","password":"vT0Gpgza"},
{"username":"scrumbiegi","password":"NNZ1SXMsJTZ"},
{"username":"zcarengj","password":"lxxk12MXK"},
{"username":"jwixgk","password":"0Gbk5PDFw"},
{"username":"sayrisgl","password":"oXdHnzTX1BX"},
{"username":"blumsdallgm","password":"qjWcIbAORUWK"},
{"username":"ewormaldgn","password":"Wp3GMaL"},
{"username":"dharmantgo","password":"slZQtxJISX8"},
{"username":"gskeppergp","password":"94cJ89vA6g"},
{"username":"emccreadiegq","password":"oKWd2pNssDZE"},
{"username":"nvospergr","password":"FEXsfdl"},
{"username":"rjaneczekgs","password":"IhnFjj2jSQM"},
{"username":"abrownswordgt","password":"8paagC7tl9"},
{"username":"rquaifgu","password":"gktQ8n"},
{"username":"gskittlesgv","password":"B7HV0OQ"},
{"username":"rnormanvillegw","password":"ogeV2WNghUQ"},
{"username":"khurleygx","password":"bJThrX"},
{"username":"jtreadwellgy","password":"jY1yoklKlVC"},
{"username":"nbeamishgz","password":"U8QBSCZGreBe"},
{"username":"gricciardih0","password":"4swEic"},
{"username":"fcuttlesh1","password":"EAstC1kN"},
{"username":"spetrouh2","password":"NjnSIq"},
{"username":"dfrancesconih3","password":"7kFMF8Px"},
{"username":"wbawmeh4","password":"fH87Hw8LVjuT"},
{"username":"mturbayneh5","password":"29jeP6uf3"},
{"username":"nmilkehamh6","password":"0UXGzMQdJbxg"},
{"username":"vtynewellh7","password":"n1PFrCO2SUv"},
{"username":"grobbingsh8","password":"MSyzW4"},
{"username":"amickelwrighth9","password":"ewyHG0hv"},
{"username":"scraiggha","password":"MfjfWE43nVx1"},
{"username":"cdawtrehb","password":"c4DeQRk1yv"},
{"username":"mglazehc","password":"LmlYx1eT"},
{"username":"amcgruarhd","password":"NzPB5HSIrmOr"},
{"username":"abuttgowhe","password":"xa5nUYN"},
{"username":"mharkinshf","password":"9gcPJBcM"},
{"username":"ivasiltsovhg","password":"4nZ1ow07VH"},
{"username":"plornsenhh","password":"vERhjXm9a4"},
{"username":"zgodfrayhi","password":"b2x0lN2arF"},
{"username":"cfortinhj","password":"KWIVhSGM"},
{"username":"lgommowehk","password":"L3AjHdhvzE"},
{"username":"cmonceyhl","password":"bDmsWD"},
{"username":"fflagghm","password":"Nx0aHD"},
{"username":"acutbirthhn","password":"A0C3ebMD0a"},
{"username":"vhubbleho","password":"1o63fefTpSB5"},
{"username":"cnardruphp","password":"z7SFa1"},
{"username":"gblakehq","password":"F7RBx6r"},
{"username":"kcaveshr","password":"I12VxWA309"},
{"username":"kdanseyhs","password":"nS5IEogt5IaE"},
{"username":"narchdeaconht","password":"Bz44DD5"},
{"username":"bsmallacombehu","password":"Sy4LGeyQ4DDz"},
{"username":"rtippingshv","password":"e0knC0TKp"},
{"username":"phirtzhw","password":"8du3fzeWm2H"},
{"username":"askeermerhx","password":"R1m9zk0XJH"},
{"username":"vlithcowhy","password":"xiNh0KxHIN2"},
{"username":"dcreavinhz","password":"kzvBAJv"},
{"username":"abernolleti0","password":"dzql4q6"},
{"username":"wnisiusi1","password":"UDRU2qUBw4h"},
{"username":"rduckhousei2","password":"q8sT6GF"},
{"username":"abokeni3","password":"NmaBN9bdtWP"},
{"username":"adoogi4","password":"ANmAG5yZ"},
{"username":"nbampfieldi5","password":"aWE09zlVUWAj"},
{"username":"mludyi6","password":"ZbExWO"},
{"username":"kjerochi7","password":"vGruklCB6"},
{"username":"kgallyi8","password":"Qxw1vv8C"},
{"username":"edjurisici9","password":"VDtUuxss"},
{"username":"pflattmania","password":"RJq21lcFnym8"},
{"username":"gbellisib","password":"cdO1MssnEnY"},
{"username":"awakeic","password":"bglBVJWKM8GJ"},
{"username":"agerlackid","password":"2p1491nLHneD"},
{"username":"jupstellie","password":"5xmxl0MlYD"},
{"username":"mmayellif","password":"5atHjIakT"},
{"username":"psongistig","password":"xIQ3icH8MQdm"},
{"username":"vklessih","password":"F44uFjovNb"},
{"username":"asimmankii","password":"eNvpFxMp"},
{"username":"kblondellij","password":"xdbThF5G"},
{"username":"cmulvaneyik","password":"6WT2GPFiBm"},
{"username":"vtizzardil","password":"6aULR0i"},
{"username":"bfeldmusim","password":"f8fW7qEB"},
{"username":"dmiddenin","password":"nr0dzFLt8uf"},
{"username":"mcannavanio","password":"4kXlpzASYoU"},
{"username":"dmanthroppeip","password":"EZyJpjbXmg4"},
{"username":"ymathevoniq","password":"AaAOAfZGhk"},
{"username":"smantleir","password":"Il9fjfyaH0"},
{"username":"dgascaris","password":"0xSygPEu8mW"},
{"username":"jjevesit","password":"vBsI2jF"},
{"username":"draperiu","password":"KTPhmYZ1QT"},
{"username":"btwattiv","password":"aglnLHchDQc"},
{"username":"lcliffiw","password":"7b2ifAdGJa6i"},
{"username":"hleagasix","password":"1n6Nmllb"},
{"username":"klemeryiy","password":"wgQcBMNT6ti"},
{"username":"cdoughertyiz","password":"1a1He8dlCsv"},
{"username":"sgelderdj0","password":"VIdPgk"},
{"username":"emathewsj1","password":"fxbsPpU0"},
{"username":"wgiblinj2","password":"OZw8K9"},
{"username":"wellisonj3","password":"fnpAVJlgRsr0"},
{"username":"ddraperj4","password":"l8jqAUL"},
{"username":"amaynardj5","password":"whdr2nF76qYf"},
{"username":"ogernierj6","password":"2JXWcU5Y6N"},
{"username":"lsarfassj7","password":"sF0DeR6"},
{"username":"pvasishchevj8","password":"bAnB3Jim2c3"},
{"username":"ufeckeyj9","password":"MGsZYxqsel8"},
{"username":"sdanfordja","password":"3rDJhFAQJqx"},
{"username":"ctappjb","password":"IjRIEe"},
{"username":"scrackjc","password":"EnVqf2JVH"},
{"username":"mjennejd","password":"JJ6LoYv3Fp"},
{"username":"ssimondsonje","password":"KqaSZNRME"},
{"username":"treicharzjf","password":"Vh1qt3mrw"},
{"username":"csirmanjg","password":"oiWgcFf1FB"},
{"username":"cgarleejh","password":"bC5KgjEZ"},
{"username":"rstayteji","password":"80uVqnq6U5l"},
{"username":"szumfeldejj","password":"yP1OEAkFS"},
{"username":"agooddyjk","password":"s6JrlWy4AVoW"},
{"username":"nharrowayjl","password":"ILwDoDdQZvx5"},
{"username":"hlaityjm","password":"IlsxCHYMS"},
{"username":"moriganjn","password":"94JMgr4C9N"},
{"username":"agowdyjo","password":"0l9WYuBj1CZ1"},
{"username":"nwadlowjp","password":"2cDaThF"},
{"username":"aleechmanjq","password":"g9vQS8VyTM28"},
{"username":"mbroomfieldjr","password":"haivNb2"},
{"username":"mgiorgionijs","password":"uFsCATqdxR"},
{"username":"mluxtonjt","password":"zRFYbfHyF"},
{"username":"oguiseju","password":"YDV2u2H4"},
{"username":"dextencejv","password":"xf4nwvTdv"},
{"username":"tgarnsonjw","password":"Z63SIiV7EBus"},
{"username":"fgennyjx","password":"GfnMZclypK"},
{"username":"pdanovichjy","password":"4trx4KttU8C"},
{"username":"fdebenedictisjz","password":"cZmTWMFa9BF2"},
{"username":"bdigiorgiok0","password":"GZH6VhDrzReM"},
{"username":"ciacopok1","password":"oLzCOaN"},
{"username":"aszymonik2","password":"hgq7WagxSJ"},
{"username":"dhallamk3","password":"GFFzHHLCh"},
{"username":"eteesdalek4","password":"TvRPoJWx"},
{"username":"adallinderk5","password":"s8Bjmfy"},
{"username":"bduffellk6","password":"2xpdYGZNZP7"},
{"username":"gbedburyk7","password":"nYI8m6"},
{"username":"evlasenkovk8","password":"MyMA8JfUa"},
{"username":"gfaask9","password":"LR0a9QzAl"},
{"username":"adawidowiczka","password":"XWAD7w3C"},
{"username":"cknokkb","password":"hvwzcf"},
{"username":"jmaudlinkc","password":"xXLAeqd05a9g"},
{"username":"ierrichellikd","password":"1fjxfBhw"},
{"username":"kcarslawke","password":"RD5f4jb01So"},
{"username":"rcorsonkf","password":"LV3RPlw"},
{"username":"hmartineckg","password":"zgMY4nVG0"},
{"username":"rvanzonkh","password":"VbHmvM9bxIX"},
{"username":"tmcavincheyki","password":"88Yqj0j6mU"},
{"username":"mholtomkj","password":"sNYibdSCoZ"},
{"username":"preeveskk","password":"9bengB"},
{"username":"jdoblekl","password":"5aF3LxFyg1"},
{"username":"ahubbuckekm","password":"ACMyMwCswcP"},
{"username":"mvasinkn","password":"jdkZjDLzCIQ5"},
{"username":"afoardko","password":"x6kaCIdH"},
{"username":"abussettikp","password":"afvuivc"},
{"username":"cskitterelkq","password":"3M71ISSbV5"},
{"username":"mbickstethkr","password":"z21DPQcO0D5"},
{"username":"mcasinaks","password":"8rbKxDiqks"},
{"username":"mcottesfordkt","password":"FDIukXW"},
{"username":"etownsendku","password":"4JNA2MwXeIa"},
{"username":"mkindreadkv","password":"3d6vlvbzZm"},
{"username":"bwixeykw","password":"JCeqM9YvS"},
{"username":"drosenaukx","password":"5LoOyYQAfC"},
{"username":"abudibentky","password":"wzXbNSdqL3"},
{"username":"fjosowitzkz","password":"DjWyA9"},
{"username":"smawdsleyl0","password":"U0iEr9VsjIN"},
{"username":"hholmyardl1","password":"kvFDMVeJ"},
{"username":"fblakeneyl2","password":"DKqtDex2uIhV"},
{"username":"arosewalll3","password":"9ckbDKXou2z"},
{"username":"rweatherheadl4","password":"P76QSO"},
{"username":"mwolfindalel5","password":"ZoAS5ZCZYR"},
{"username":"medlynel6","password":"JWrPq5ve6oN"},
{"username":"mmanskel7","password":"XJvingsbU1"},
{"username":"lfernierl8","password":"424cSou4Da"},
{"username":"sbuchananl9","password":"NdkIWyDCdwF"},
{"username":"npickavantla","password":"FtJMxTmHvB"},
{"username":"rbergenlb","password":"GlyKor8"},
{"username":"ppiatkowlc","password":"dfdJoHakb3"},
{"username":"dpoldenld","password":"iIWZNDlMs"},
{"username":"sconantle","password":"FZHcxPzegAM"},
{"username":"gderobertolf","password":"iRf9Nq"},
{"username":"palkinslg","password":"g8ZzO4"},
{"username":"dglusbylh","password":"k3ZLiuM8ZXpK"},
{"username":"bwitsonli","password":"5VsMmOBV"},
{"username":"gbertinlj","password":"p2eizk"},
{"username":"trichardsonlk","password":"EOLPz1UxX"},
{"username":"tfontainell","password":"j8hs3FuhB9b"},
{"username":"gmancelm","password":"CLDGkEBD2"},
{"username":"bbaddowln","password":"Hh0ODKu"},
{"username":"lbeaveslo","password":"P6ETSmHpw8j"},
{"username":"ssmuthlp","password":"5qAEAD"},
{"username":"ifencklq","password":"sQUMSYXtoe"},
{"username":"mshevelslr","password":"SmjMdwU"},
{"username":"gcobellils","password":"kfu7Cjyn"},
{"username":"sjumeault","password":"XCnlhv"},
{"username":"caulettalu","password":"gZXTMpJ"},
{"username":"pbeaginlv","password":"SPrb5tUtF"},
{"username":"clardgelw","password":"4cocujm"},
{"username":"afogartylx","password":"nGgVjAnJkb2L"},
{"username":"vzemlerly","password":"Qqlp6yFNMo0L"},
{"username":"eferfullelz","password":"CadC5Dk1y3U"},
{"username":"grideoutm0","password":"OxW2wHZizP"},
{"username":"gedwinsm1","password":"UCT6PK"},
{"username":"whrinchenkom2","password":"P3cW1kAtB"},
{"username":"gyardm3","password":"MMf4EwhiXmC4"},
{"username":"tdinwoodiem4","password":"l4QUGT8"},
{"username":"pkinnairdm5","password":"Yuc2akpIvA3"},
{"username":"dlosanom6","password":"mRgy5pnOUR"},
{"username":"psabatim7","password":"a53E11qTXEh"},
{"username":"dgwinnellm8","password":"2VglqSo5tS"},
{"username":"lloosm9","password":"1PP9RzO"},
{"username":"zphilcottma","password":"WvZs2KNwjO9"},
{"username":"ralenmb","password":"NMYBM3j"},
{"username":"cferedaymc","password":"M0vMLMxvkgi"},
{"username":"stilsleymd","password":"0fY21iSZm"},
{"username":"jbyarsme","password":"DaloGf4nb4J"},
{"username":"cdedmanmf","password":"jYAG8cyi5T8U"},
{"username":"rschrotermg","password":"0GY0n8xJH6"},
{"username":"ehoonahanmh","password":"0sSuo5"},
{"username":"ccroutearmi","password":"EEqRnvt69"},
{"username":"jmongainmj","password":"Pu52VQ"},
{"username":"dcarlettimk","password":"g81K1MKx"},
{"username":"hyeoml","password":"2LCexlJx3Zh"},
{"username":"emcaleesemm","password":"5UoA0V"},
{"username":"bjacquotmn","password":"xlyqtIN"},
{"username":"darnowmo","password":"LLWK10B8O0"},
{"username":"dlafayettemp","password":"gCh4WeY3pLD"},
{"username":"dpipemq","password":"PhHwwywSC"},
{"username":"otrillowmr","password":"W8jILx8J8Arg"},
{"username":"qhalliganms","password":"zjS3vmVXsoxq"},
{"username":"asidnellmt","password":"daJdHn0o5"},
{"username":"rmadrellmu","password":"z04wrane"},
{"username":"irableaumv","password":"pjxmpK8Fat"},
{"username":"landerssonmw","password":"6aJ9Ish"},
{"username":"mjohnseymx","password":"YMoXD7Xfb"},
{"username":"bhampemy","password":"TAXrFmwmN"},
{"username":"oodommz","password":"gAo43CIMFM"},
{"username":"cjeffersn0","password":"KUdKvD"},
{"username":"lellyattn1","password":"MKwOUoEOchZt"},
{"username":"daylesburyn2","password":"bYyJXyFJ"},
{"username":"bbiddlen3","password":"RAK1iOj61"},
{"username":"lthaimn4","password":"TrtK7Zqxizh"},
{"username":"fgiacubbon5","password":"6vupY5Zqw8"},
{"username":"rkohtern6","password":"2jnfuI7ZJxi"},
{"username":"mpaolotton7","password":"IquvCNKmkzm"},
{"username":"icarolann8","password":"H9GqqR0xY7"},
{"username":"mhearonsn9","password":"CHnYr5HSVT"},
{"username":"ccordierna","password":"DAn1PH"},
{"username":"mburnipnb","password":"33DSVQ8IZF"},
{"username":"vfinesnc","password":"5dne4uRZ"},
{"username":"mdallownd","password":"yTRfv2uyks7"},
{"username":"rjanacekne","password":"BXQgRFJ8Sp7S"},
{"username":"mcurtainnf","password":"l0BjvoZtYrt"},
{"username":"hrasellesng","password":"zrGZjH"},
{"username":"rjurcanh","password":"EJofwnvW0"},
{"username":"riacofoni","password":"wfHJq27c"},
{"username":"ksallowayenj","password":"RbqudD"},
{"username":"kraintonnk","password":"UDMyf6"},
{"username":"fcropnl","password":"UKdvzu"},
{"username":"dcoklynm","password":"pLYmyovL2"},
{"username":"cisackenn","password":"e1h1OFlx3MFS"},
{"username":"wgolagleyno","password":"zNAZtLrj9xS"},
{"username":"mboundenp","password":"n1SqRImSZ"},
{"username":"gfancuttnq","password":"sLNYHT0vq"},
{"username":"wduffienr","password":"TX7NBOip"},
{"username":"nbickerdickens","password":"GiBUmY9T"},
{"username":"gchapellownt","password":"4DrAGLEy8"},
{"username":"tthackstonnu","password":"URYkGxMQRib"},
{"username":"kvanbaarennv","password":"3FhA4DgAvLrx"},
{"username":"kewbanksnw","password":"gp0R2B6m18"},
{"username":"fhambidgenx","password":"1GmWyH9ODYl"},
{"username":"kdabbsny","password":"WZeMbH"},
{"username":"ngudginnz","password":"Y9YFr3pm2Dup"},
{"username":"agrouero0","password":"A8jIeCx"},
{"username":"bcadeo1","password":"lvR5n5dvtd6L"},
{"username":"tmcmorrano2","password":"rJmQ5n"},
{"username":"dkarpmanno3","password":"uqS7R3"},
{"username":"afitzroyo4","password":"eooDdANsL"},
{"username":"yjephcoteo5","password":"uEKplFURVY"},
{"username":"timortso6","password":"q5PWXux"},
{"username":"awinckwortho7","password":"4ZQA02U5"},
{"username":"yhirschmanno8","password":"g3AWIU9"},
{"username":"astillmano9","password":"ocdjtOZO8MaF"},
{"username":"jgeerdtsoa","password":"jETzIE93LV9"},
{"username":"ksilcoxob","password":"OxG1pnx0"},
{"username":"bcaltonoc","password":"rTlVQIqzqo"},
{"username":"klungeod","password":"4mZhnU"},
{"username":"mplayeroe","password":"63up0aZ"},
{"username":"blumsdallof","password":"MxGXwAAyZd6"},
{"username":"awinnettog","password":"MhP8PPOkX"},
{"username":"bmccaffreyoh","password":"a7pBF8Y"},
{"username":"tbouldoi","password":"YMKn3Q1"},
{"username":"bmcfauloj","password":"alItfXo"},
{"username":"jmanueliok","password":"bgsGDZs"},
{"username":"bickovol","password":"w4a5pptn4"},
{"username":"qjurczykom","password":"vp9RLm"},
{"username":"ppilkintonon","password":"kAto8c6D"},
{"username":"mfairlawoo","password":"m0DJzL"},
{"username":"jmcmillamop","password":"2QFlOq"},
{"username":"igauldoq","password":"zCuzPq"},
{"username":"rhickfordor","password":"l7vGS6"},
{"username":"aodgersos","password":"HJuy8tH"},
{"username":"seasterbyot","password":"c4HfYMb"},
{"username":"cmowerou","password":"5KZrOgLYV"},
{"username":"bclarkinov","password":"zoO2iG8OA"},
{"username":"obearneow","password":"p6TocBXPHSmm"},
{"username":"wfearonox","password":"XTeEOM"},
{"username":"ggorvinoy","password":"IGuma1"},
{"username":"dkerraneoz","password":"aexBzZ6My"},
{"username":"apengelleyp0","password":"05ZybX3"},
{"username":"talgiep1","password":"My9UjgW3"},
{"username":"nclaquep2","password":"2kggHTe"},
{"username":"molorenshawp3","password":"dlriiAB5yi"},
{"username":"ncurryp4","password":"YhDUtbi"},
{"username":"bmuffordp5","password":"E9HyuK5OlA"},
{"username":"psimicp6","password":"aNotNn17O4V"},
{"username":"aspraguep7","password":"atkzfDC"},
{"username":"bsherredp8","password":"jHUacj3"},
{"username":"lcowlp9","password":"8QvmMK"},
{"username":"ghuetsonpa","password":"QfTR9v"},
{"username":"aheberpb","password":"pvnJ5X"},
{"username":"gmogiepc","password":"hPZ6OCkPLZS"},
{"username":"lfauntpd","password":"moURBWVKgTg"},
{"username":"ulinfordpe","password":"BJPibz"},
{"username":"mberesfordpf","password":"AU25bm7Hj"},
{"username":"bseabournepg","password":"8YjAbOhAB"},
{"username":"janthonaph","password":"cl2s5IV1vC"},
{"username":"bgotchpi","password":"4FciKar"},
{"username":"laxlebypj","password":"ChKQOhm4ojM"},
{"username":"nmaccleaypk","password":"SjxUD3xLhOy"},
{"username":"ajedraszczykpl","password":"lD8trQdMo"},
{"username":"hkenninghampm","password":"RhnKHecVK"},
{"username":"brainonpn","password":"tN0v9OM"},
{"username":"hivankovicpo","password":"8JGBWWM"},
{"username":"biredalepp","password":"jFL0MuOlv"},
{"username":"bberkeleypq","password":"0MoxLwzfer"},
{"username":"kdrinanpr","password":"R3Rg73I"},
{"username":"jsleeps","password":"rJHkWAMpz"},
{"username":"elaisterpt","password":"9hMeQyn5dW90"},
{"username":"bredgrovepu","password":"K7T6oYX5H"},
{"username":"pfearnsidespv","password":"VUwxyA"},
{"username":"njakespw","password":"oozKycYGgrD"},
{"username":"amilmorepx","password":"8kGmI5QACj45"},
{"username":"ngilluleypy","password":"7khFCCpLS"},
{"username":"rmaccurtainpz","password":"thvEEb9e2"},
{"username":"mparsonsq0","password":"jIFuDedv"},
{"username":"xfairbridgeq1","password":"nF6vUUi4"},
{"username":"psowersbyq2","password":"aKxC69Oze"},
{"username":"mniseq3","password":"aeCXBxk9g"},
{"username":"tturbatq4","password":"iruNuUoD"},
{"username":"ajaysq5","password":"BDAV7P3T"},
{"username":"cbetchleyq6","password":"t2mdrZPwZ"},
{"username":"acopestickq7","password":"rXHkUzKZICN"},
{"username":"ckubasekq8","password":"m8P8F5exj"},
{"username":"jhawkenq9","password":"WF31SevKHBJ"},
{"username":"gmariotteqa","password":"kIT9Zl6DCY"},
{"username":"cdeaconsonqb","password":"K4ZVgwMRW"},
{"username":"bwrightonqc","password":"KSvbuRkm1xh6"},
{"username":"cchinnqd","password":"nIbsq2fbF82"},
{"username":"hreinertqe","password":"25DMDTIFrs"},
{"username":"fnareqf","password":"ohJH3E3IR"},
{"username":"rrosasqg","password":"TAXIdskW4"},
{"username":"vdorsayqh","password":"bITdMbx"},
{"username":"liddyqi","password":"aOT8yLe7A1"},
{"username":"uolivaqj","password":"TcqvR4"},
{"username":"olonderqk","password":"Tth21Dy8J"},
{"username":"abeggql","password":"2P1LYlyuK"},
{"username":"fboalqm","password":"md6A7H218"},
{"username":"wdartnallqn","password":"jEriFwmyrMe"},
{"username":"clonghurstqo","password":"BJlSqgzA3"},
{"username":"cgordongilesqp","password":"tqW5h7Uy"},
{"username":"dviseqq","password":"XwacLlcgIsD"},
{"username":"fbowditchqr","password":"DxJnS3yz"},
{"username":"efernyhoughqs","password":"YZOoB7pWW"},
{"username":"ewinskillqt","password":"5i6uF6z9EXl"},
{"username":"cpedronqu","password":"IZ6zBKCiCU"},
{"username":"vdowneqv","password":"hK9YBB6p"},
{"username":"hedgworthqw","password":"yuIfwa29y"},
{"username":"jbunkerqx","password":"eUW1AnyfCdYd"},
{"username":"bwraggsqy","password":"kNZORk"},
{"username":"abroadqz","password":"6dDia9SWolrs"},
{"username":"lcowenr0","password":"9eCQWn"},
{"username":"hlyonr1","password":"KKYnjshqOe"},
{"username":"bgreetlandr2","password":"NCEbrXPSedE"},
{"username":"mrewbottomr3","password":"mF5bvOwO"},
{"username":"jstillwellr4","password":"pH5qra"},
{"username":"lhailer5","password":"vf97n1"},
{"username":"lstidsonr6","password":"28sGsf"},
{"username":"jmcgeffenr7","password":"4p2LXMUxlj2"},
{"username":"fcambler8","password":"z99Qjs"},
{"username":"chewsr9","password":"941einjn4QK"},
{"username":"bbaymanra","password":"HoABEC4QSC"},
{"username":"dsigarsrb","password":"cAkiICmK"},
{"username":"kgatchellrc","password":"UR5aDtrcFw5"},
{"username":"mphaliprd","password":"suH6y3Q"},
{"username":"ainnerstonere","password":"VKu1i1D"},
{"username":"lwoodwardrf","password":"pZBzame"},
{"username":"eskunesrg","password":"WtCDQAK"},
{"username":"ksivillsrh","password":"8wdQw9"},
{"username":"mrosasri","password":"f7hWNxhXL"},
{"username":"cpeeryrj","password":"u3yWJgcrVnM"},
{"username":"hbythewayrk","password":"4S1wQ310"},
{"username":"mgarrishrl","password":"E7SUOw"},
{"username":"dbowlandrm","password":"4XnlIj"},
{"username":"mgarberrn","password":"dC543CecOEK"},
{"username":"hturbaynero","password":"hZw4T5SxfnW"},
{"username":"wingoldrp","password":"WuPJndxSb0p"},
{"username":"mmariarq","password":"trSa1SXYmM"},
{"username":"eferaghrr","password":"ALFi6V"}]