{
  "staffUsers": [
    {
      "id": "32FM19790306873AEB",
      "level": 1,
      "username": "Emma39",
      "securityQuestion": "What is your favorite animal?",
      "password": "$2b$10$Qx.yAHWwERuMGIvQoSLNXO..i6cPRToQsbdhGQckElTRhxYfWcOvC"
    },
    {
      "id": "fcd84ce1-d7ca-4186-a9aa-6740b9e5271a",
      "level": 1,
      "username": "Laurel17",
      "securityQuestion": "What is your favorite food?",
      "password": "$2b$10$3p49WFHLvnNTgU0gN7itD./vfGdcX7zqvbb3ZYoU3GbGNwtoBRSti"
    },
    {
      "id": "2583df7b-c54f-45ba-9bfd-8bd977f458a6",
      "level": 1,
      "username": "Marilie_Ruecker",
      "securityQuestion": "What brings you joy?",
      "password": "$2b$10$72N54RjHKFx361hmV82U7ulxJqNCAonUxEs.5A9c8VHJg.bkMo3yC"
    },
    {
      "id": "d4150ea0-95b3-4d22-8efb-3bd496299838",
      "level": 1,
      "username": "Herminio.Koch68",
      "securityQuestion": "What is your favorite animal?",
      "password": "$2b$10$e4vzc14jaIR91sspG7hMxeiwDxLNIVs6yNi3f/bC414yy1Kf3XgPa"
    },
    {
      "id": "8ba09a6e-f8b2-465f-b2cb-c95552ebf8c7",
      "level": 1,
      "username": "Madonna46",
      "securityQuestion": "What is your favorite food?",
      "password": "$2b$10$9t0nXiXrEOYNbNNs4M0ch.yx0YSV2rOkT/frTZCu5W/L5aAZVXMVC"
    },
    {
      "id": "e94942cc-69b5-4413-8b6e-acabc269efcd",
      "level": 0,
      "username": "Addie.Kutch",
      "securityQuestion": "What brings you joy?",
      "password": "$2b$10$HXNsuxlJ6wkjnnXmGxASCO2mPtp.9ocbi65a76xVJmu73ZgpOk0kG"
    },
    {
      "id": "637b440c-e16a-455b-bf79-9e40190923b0",
      "level": 1,
      "username": "Kelsie92",
      "securityQuestion": "What is your favorite animal?",
      "password": "$2b$10$UShbZEVRU31/BBMNzyCFIeQ378Rwjh.oqE6xpm/srmGDdxxDi359m"
    },
    {
      "id": "8a96e10a-6838-462c-9e52-6fbaf7c75b42",
      "level": 1,
      "username": "Enid6",
      "securityQuestion": "What is your favorite food?",
      "password": "$2b$10$fYwBIFXifYE8WwZq3TsPGOBDkO7XqdsJwCHOb.1aQBbQzJ4A4f5vK"
    },
    {
      "id": "80693b2a-d205-479b-9b14-a8fc78678fdf",
      "level": 0,
      "username": "Lucas.Wiza",
      "securityQuestion": "What is your favorite food?",
      "password": "$2b$10$khQCCAXj/t.WMUvvua6vl.JdUH.kWFJJB3hR7synK7zyk8kABLIGu"
    },
    {
      "id": "54ec0e0b-9d66-41b7-92c4-7b508dc9fc97",
      "level": 1,
      "username": "Lauriane.Boyer85",
      "securityQuestion": "What is your favorite animal?",
      "password": "$2b$10$Jb.VO2wCMU4b5GwkWGbQVOqdizmjq.DAr7L.tnC3iwuDuERq/kRGy"
    },
    {
      "id": "25d0154e-2315-4b67-aa90-c8a374054f29",
      "level": 1,
      "username": "Nicholas_Macejkovic-Wilkinson",
      "securityQuestion": "What is your favorite animal?",
      "password": "$2b$10$gJ/F.YdGE/Lc.0YKuh2PrenQhW7wHGJ/WKPG1U9v.dq06Ed5ooz/S"
    }
  ],
  "clients": [
    {
      "id": "3c7b6173-a3a2-41b3-94c7-d2637a77d503",
      "name": "Velva",
      "surname": "Weimann",
      "age": 57,
      "photo": "https://cloudflare-ipfs.com/ipfs/Qmd3W5DuhgHirLHGVixi6V76LhCkZUz6pnFt5AJBiyvHye/avatar/273.jpg",
      "gender": "Male to female transgender woman",
      "mood": "confused",
      "bank": 509505142,
      "friends": 61,
      "healthy": false,
      "status": "sick"
    },
    {
      "id": "7e0705c4-e263-4fbf-95fb-cbc13c59e67c",
      "name": "Maya",
      "surname": "Rosenbaum",
      "age": 30,
      "photo": "https://cloudflare-ipfs.com/ipfs/Qmd3W5DuhgHirLHGVixi6V76LhCkZUz6pnFt5AJBiyvHye/avatar/811.jpg",
      "gender": "Xenogender",
      "mood": "disgusted",
      "bank": 597762603,
      "friends": 68,
      "healthy": false,
      "status": "alive"
    },
    {
      "id": "5a2f3bdb-a414-4f67-a44f-d5152fad3b03",
      "name": "Leon",
      "surname": "Bosco",
      "age": 29,
      "photo": "https://avatars.githubusercontent.com/u/98010859",
      "gender": "Male to female transsexual woman",
      "mood": "happy",
      "bank": 964962038,
      "friends": 10,
      "healthy": false,
      "status": "sick"
    },
    {
      "id": "6a8f9954-9d9e-4f9b-81ab-ab4c8ff33c82",
      "name": "Vito",
      "surname": "Weimann",
      "age": 63,
      "photo": "https://cloudflare-ipfs.com/ipfs/Qmd3W5DuhgHirLHGVixi6V76LhCkZUz6pnFt5AJBiyvHye/avatar/807.jpg",
      "gender": "Man",
      "mood": "surprised",
      "bank": 175808014,
      "friends": 78,
      "healthy": true,
      "status": "alive"
    },
    {
      "id": "ca8c6875-c128-44aa-811f-d8fcf75e84b9",
      "name": "Fay",
      "surname": "Robel",
      "age": 61,
      "photo": "https://avatars.githubusercontent.com/u/89043618",
      "gender": "MTF",
      "mood": "aroused",
      "bank": 279446947,
      "friends": 150,
      "healthy": false,
      "status": "dead"
    },
    {
      "id": "d17ba4d6-d89d-4d4e-ac63-f7fcf9cb700c",
      "name": "Agnes",
      "surname": "Powlowski-Hudson",
      "age": 57,
      "photo": "https://avatars.githubusercontent.com/u/45890378",
      "gender": "Neither",
      "mood": "confused",
      "bank": 487071792,
      "friends": 29,
      "healthy": false,
      "status": "alive"
    },
    {
      "id": "4ed49aeb-3bf5-430e-94d4-6d08394c374c",
      "name": "Jocelyn",
      "surname": "Weber",
      "age": 72,
      "photo": "https://avatars.githubusercontent.com/u/5544641",
      "gender": "Demi-boy",
      "mood": "neutral",
      "bank": 230883706,
      "friends": 116,
      "healthy": true,
      "status": "sick"
    },
    {
      "id": "4f700a3f-f517-4033-9e33-0e5637eae8f3",
      "name": "Sarai",
      "surname": "Frami",
      "age": 29,
      "photo": "https://avatars.githubusercontent.com/u/72090071",
      "gender": "Cisgender man",
      "mood": "sad",
      "bank": 398274796,
      "friends": 137,
      "healthy": false,
      "status": "alive"
    },
    {
      "id": "d62792df-890f-4de4-9909-1ee55371bf08",
      "name": "Gladys",
      "surname": "D'Amore",
      "age": 65,
      "photo": "https://avatars.githubusercontent.com/u/65196060",
      "gender": "Trigender",
      "mood": "calm",
      "bank": 164066346,
      "friends": 146,
      "healthy": true,
      "status": "dead"
    },
    {
      "id": "38885c5e-a113-47fb-b0ae-66af591ff656",
      "name": "Lauretta",
      "surname": "Stamm",
      "age": 60,
      "photo": "https://cloudflare-ipfs.com/ipfs/Qmd3W5DuhgHirLHGVixi6V76LhCkZUz6pnFt5AJBiyvHye/avatar/991.jpg",
      "gender": "Trans woman",
      "mood": "aroused",
      "bank": 221261470,
      "friends": 47,
      "healthy": false,
      "status": "dead"
    },
    {
      "id": "ee971be5-7830-4767-89e1-c4beb22f6bbd",
      "name": "Kaylin",
      "surname": "Kassulke",
      "age": 56,
      "photo": "https://avatars.githubusercontent.com/u/14188461",
      "gender": "Xenogender",
      "mood": "fearful",
      "bank": 434563341,
      "friends": 93,
      "healthy": true,
      "status": "dead"
    },
    {
      "id": "70c10847-3c33-4290-a39b-03ab26c5f71c",
      "name": "Clarabelle",
      "surname": "Ondricka",
      "age": 51,
      "photo": "https://avatars.githubusercontent.com/u/2614009",
      "gender": "Cis male",
      "mood": "calm",
      "bank": 530206845,
      "friends": 136,
      "healthy": false,
      "status": "alive"
    },
    {
      "id": "6d9e3a30-7b5b-4d0e-ac0d-3bbabc799313",
      "name": "Mattie",
      "surname": "Halvorson",
      "age": 78,
      "photo": "https://cloudflare-ipfs.com/ipfs/Qmd3W5DuhgHirLHGVixi6V76LhCkZUz6pnFt5AJBiyvHye/avatar/588.jpg",
      "gender": "Demiflux",
      "mood": "aroused",
      "bank": 905508065,
      "friends": 26,
      "healthy": true,
      "status": "sick"
    },
    {
      "id": "fff9ecdb-946a-4174-a896-9775101bf148",
      "name": "Moises",
      "surname": "VonRueden-Stracke",
      "age": 51,
      "photo": "https://avatars.githubusercontent.com/u/86098067",
      "gender": "Agender",
      "mood": "surprised",
      "bank": 830323517,
      "friends": 46,
      "healthy": false,
      "status": "sick"
    },
    {
      "id": "d4b0543d-c36b-4e5b-9b1c-2c90689aec95",
      "name": "Kenya",
      "surname": "Buckridge",
      "age": 88,
      "photo": "https://cloudflare-ipfs.com/ipfs/Qmd3W5DuhgHirLHGVixi6V76LhCkZUz6pnFt5AJBiyvHye/avatar/649.jpg",
      "gender": "Other",
      "mood": "disgusted",
      "bank": 211380747,
      "friends": 49,
      "healthy": true,
      "status": "sick"
    },
    {
      "id": "46b245a2-cdc1-4657-88b1-58de1400313a",
      "name": "Lelah",
      "surname": "Hermiston",
      "age": 18,
      "photo": "https://avatars.githubusercontent.com/u/79617438",
      "gender": "Other",
      "mood": "fearful",
      "bank": 945862504,
      "friends": 102,
      "healthy": false,
      "status": "sick"
    },
    {
      "id": "129bc608-46dd-475f-85b0-46d632ff12c3",
      "name": "Jazmin",
      "surname": "Hansen",
      "age": 26,
      "photo": "https://cloudflare-ipfs.com/ipfs/Qmd3W5DuhgHirLHGVixi6V76LhCkZUz6pnFt5AJBiyvHye/avatar/656.jpg",
      "gender": "Hermaphrodite",
      "mood": "angry",
      "bank": 806428221,
      "friends": 54,
      "healthy": false,
      "status": "dead"
    },
    {
      "id": "5a0a49d3-eac4-4ecb-b072-0a225bdf0077",
      "name": "Ethyl",
      "surname": "Hilll-Dickinson",
      "age": 53,
      "photo": "https://avatars.githubusercontent.com/u/23578126",
      "gender": "Intersex man",
      "mood": "calm",
      "bank": 49441930,
      "friends": 71,
      "healthy": true,
      "status": "alive"
    },
    {
      "id": "8cbf4d1e-01b7-4b3e-aea6-6ebfb5b3c091",
      "name": "Rashawn",
      "surname": "Bartoletti",
      "age": 53,
      "photo": "https://avatars.githubusercontent.com/u/33258306",
      "gender": "T* woman",
      "mood": "confused",
      "bank": 33961548,
      "friends": 42,
      "healthy": false,
      "status": "dead"
    },
    {
      "id": "aed68bac-1846-40b8-b630-f25f2b39b36d",
      "name": "Chet",
      "surname": "Schuppe",
      "age": 66,
      "photo": "https://avatars.githubusercontent.com/u/17785799",
      "gender": "Transexual man",
      "mood": "surprised",
      "bank": 671552401,
      "friends": 129,
      "healthy": true,
      "status": "dead"
    },
    {
      "id": "f20baf10-c96a-4946-881f-2f2baca501d3",
      "name": "Wilber",
      "surname": "Nolan",
      "age": 57,
      "photo": "https://cloudflare-ipfs.com/ipfs/Qmd3W5DuhgHirLHGVixi6V76LhCkZUz6pnFt5AJBiyvHye/avatar/509.jpg",
      "gender": "FTM",
      "mood": "disgusted",
      "bank": 888001011,
      "friends": 62,
      "healthy": true,
      "status": "sick"
    },
    {
      "id": "c32ac4f5-8350-456f-9b16-014f4f2b1e62",
      "name": "Aida",
      "surname": "Hamill",
      "age": 88,
      "photo": "https://cloudflare-ipfs.com/ipfs/Qmd3W5DuhgHirLHGVixi6V76LhCkZUz6pnFt5AJBiyvHye/avatar/1233.jpg",
      "gender": "Cisgender male",
      "mood": "aroused",
      "bank": 85719069,
      "friends": 81,
      "healthy": false,
      "status": "alive"
    },
    {
      "id": "a04fde12-b642-4b4e-8696-d7734ff493a0",
      "name": "Iliana",
      "surname": "Harvey",
      "age": 30,
      "photo": "https://cloudflare-ipfs.com/ipfs/Qmd3W5DuhgHirLHGVixi6V76LhCkZUz6pnFt5AJBiyvHye/avatar/685.jpg",
      "gender": "Multigender",
      "mood": "sad",
      "bank": 910603230,
      "friends": 81,
      "healthy": false,
      "status": "alive"
    },
    {
      "id": "8737dd80-7ef1-4ade-bc1b-42db513d8b94",
      "name": "Maximilian",
      "surname": "Gislason",
      "age": 35,
      "photo": "https://avatars.githubusercontent.com/u/2796700",
      "gender": "Cisgender",
      "mood": "disgusted",
      "bank": 730418997,
      "friends": 83,
      "healthy": true,
      "status": "sick"
    },
    {
      "id": "04bffe91-caf7-4420-ba27-9be13c10095c",
      "name": "Hollis",
      "surname": "Kling",
      "age": 61,
      "photo": "https://avatars.githubusercontent.com/u/45074224",
      "gender": "Trans male",
      "mood": "surprised",
      "bank": 667629378,
      "friends": 57,
      "healthy": true,
      "status": "alive"
    },
    {
      "id": "0436eb1d-4a97-438f-8148-898633e1ed07",
      "name": "Meagan",
      "surname": "Walker",
      "age": 72,
      "photo": "https://cloudflare-ipfs.com/ipfs/Qmd3W5DuhgHirLHGVixi6V76LhCkZUz6pnFt5AJBiyvHye/avatar/339.jpg",
      "gender": "Androgynous",
      "mood": "happy",
      "bank": 528006819,
      "friends": 118,
      "healthy": false,
      "status": "alive"
    },
    {
      "id": "e561d313-963d-4b5c-b8ae-1011ab343e01",
      "name": "Lonie",
      "surname": "West",
      "age": 55,
      "photo": "https://avatars.githubusercontent.com/u/87200972",
      "gender": "Two-spirit person",
      "mood": "happy",
      "bank": 239935210,
      "friends": 77,
      "healthy": true,
      "status": "alive"
    },
    {
      "id": "ffee762e-b513-4270-8b55-19ae154022d7",
      "name": "Sadie",
      "surname": "Connelly",
      "age": 22,
      "photo": "https://cloudflare-ipfs.com/ipfs/Qmd3W5DuhgHirLHGVixi6V76LhCkZUz6pnFt5AJBiyvHye/avatar/1208.jpg",
      "gender": "Non-binary",
      "mood": "angry",
      "bank": 836608889,
      "friends": 65,
      "healthy": false,
      "status": "alive"
    },
    {
      "id": "86689f4d-5a27-410c-b730-0f14f0af4628",
      "name": "Jorge",
      "surname": "Kuhn",
      "age": 54,
      "photo": "https://avatars.githubusercontent.com/u/29087355",
      "gender": "Trigender",
      "mood": "surprised",
      "bank": 332734330,
      "friends": 109,
      "healthy": true,
      "status": "sick"
    },
    {
      "id": "59b33cd5-2fe0-46dc-b650-76f9b4a6bda0",
      "name": "Misty",
      "surname": "Rowe",
      "age": 27,
      "photo": "https://avatars.githubusercontent.com/u/46350192",
      "gender": "Female to male",
      "mood": "sad",
      "bank": 729247709,
      "friends": 77,
      "healthy": false,
      "status": "alive"
    },
    {
      "id": "552e5fe3-c3f7-4566-a543-76b06fc6b799",
      "name": "Kristy",
      "surname": "O'Conner",
      "age": 39,
      "photo": "https://cloudflare-ipfs.com/ipfs/Qmd3W5DuhgHirLHGVixi6V76LhCkZUz6pnFt5AJBiyvHye/avatar/529.jpg",
      "gender": "Transexual",
      "mood": "neutral",
      "bank": 129949404,
      "friends": 103,
      "healthy": true,
      "status": "alive"
    },
    {
      "id": "394fd883-aaf8-41ee-872f-e1d823d45809",
      "name": "Wava",
      "surname": "Schultz",
      "age": 90,
      "photo": "https://avatars.githubusercontent.com/u/41001393",
      "gender": "Male to female",
      "mood": "calm",
      "bank": 871218866,
      "friends": 111,
      "healthy": true,
      "status": "alive"
    },
    {
      "id": "1be65733-09f6-4b09-838c-43ca8cd8afc2",
      "name": "Cleveland",
      "surname": "Langosh",
      "age": 66,
      "photo": "https://cloudflare-ipfs.com/ipfs/Qmd3W5DuhgHirLHGVixi6V76LhCkZUz6pnFt5AJBiyvHye/avatar/116.jpg",
      "gender": "Cis female",
      "mood": "confused",
      "bank": 280297427,
      "friends": 63,
      "healthy": false,
      "status": "dead"
    },
    {
      "id": "409fe17b-9858-432a-9d9c-9a5cde7efa99",
      "name": "Stephon",
      "surname": "Fadel",
      "age": 27,
      "photo": "https://cloudflare-ipfs.com/ipfs/Qmd3W5DuhgHirLHGVixi6V76LhCkZUz6pnFt5AJBiyvHye/avatar/1216.jpg",
      "gender": "Demi-girl",
      "mood": "calm",
      "bank": 167499466,
      "friends": 109,
      "healthy": false,
      "status": "sick"
    },
    {
      "id": "bf5483ce-18d3-4eb8-9147-9ddfcd499de4",
      "name": "Janessa",
      "surname": "Upton",
      "age": 18,
      "photo": "https://cloudflare-ipfs.com/ipfs/Qmd3W5DuhgHirLHGVixi6V76LhCkZUz6pnFt5AJBiyvHye/avatar/120.jpg",
      "gender": "Intersex woman",
      "mood": "happy",
      "bank": 102388687,
      "friends": 13,
      "healthy": true,
      "status": "sick"
    },
    {
      "id": "7b82ae4f-6f11-40f5-aff9-23aae24e11e3",
      "name": "Jammie",
      "surname": "Hoeger",
      "age": 83,
      "photo": "https://cloudflare-ipfs.com/ipfs/Qmd3W5DuhgHirLHGVixi6V76LhCkZUz6pnFt5AJBiyvHye/avatar/919.jpg",
      "gender": "Male to female trans woman",
      "mood": "neutral",
      "bank": 530290552,
      "friends": 85,
      "healthy": true,
      "status": "sick"
    },
    {
      "id": "3162eeaf-79fc-4225-8d35-5c7bfef009e6",
      "name": "Katrine",
      "surname": "Ernser",
      "age": 63,
      "photo": "https://avatars.githubusercontent.com/u/60102908",
      "gender": "Male to female",
      "mood": "neutral",
      "bank": 827153092,
      "friends": 2,
      "healthy": false,
      "status": "sick"
    },
    {
      "id": "0eed48f5-7114-41da-b1f4-1456fff2fe75",
      "name": "Jamaal",
      "surname": "Adams",
      "age": 34,
      "photo": "https://avatars.githubusercontent.com/u/16621301",
      "gender": "Other",
      "mood": "sad",
      "bank": 911946153,
      "friends": 148,
      "healthy": true,
      "status": "dead"
    },
    {
      "id": "8dc31139-2c23-42b6-9296-94215ff48511",
      "name": "Rodger",
      "surname": "Breitenberg",
      "age": 78,
      "photo": "https://avatars.githubusercontent.com/u/51337594",
      "gender": "Gender neutral",
      "mood": "fearful",
      "bank": 929121614,
      "friends": 60,
      "healthy": false,
      "status": "alive"
    },
    {
      "id": "a4d16d92-f90d-48b7-b3a4-353f0beae976",
      "name": "Rylee",
      "surname": "Lemke",
      "age": 28,
      "photo": "https://cloudflare-ipfs.com/ipfs/Qmd3W5DuhgHirLHGVixi6V76LhCkZUz6pnFt5AJBiyvHye/avatar/53.jpg",
      "gender": "Genderqueer",
      "mood": "calm",
      "bank": 906162647,
      "friends": 5,
      "healthy": false,
      "status": "sick"
    },
    {
      "id": "970ba480-ce57-4ac3-9cbf-244124389287",
      "name": "Rowena",
      "surname": "Emmerich",
      "age": 32,
      "photo": "https://cloudflare-ipfs.com/ipfs/Qmd3W5DuhgHirLHGVixi6V76LhCkZUz6pnFt5AJBiyvHye/avatar/182.jpg",
      "gender": "Woman",
      "mood": "surprised",
      "bank": 570358195,
      "friends": 38,
      "healthy": false,
      "status": "alive"
    },
    {
      "id": "e65ee9ee-64d4-4131-afc8-63b3c7c8742f",
      "name": "Jamil",
      "surname": "Kovacek",
      "age": 82,
      "photo": "https://cloudflare-ipfs.com/ipfs/Qmd3W5DuhgHirLHGVixi6V76LhCkZUz6pnFt5AJBiyvHye/avatar/708.jpg",
      "gender": "Transexual man",
      "mood": "neutral",
      "bank": 704948464,
      "friends": 121,
      "healthy": true,
      "status": "sick"
    },
    {
      "id": "91b27655-1348-46bc-a909-5091a3244c27",
      "name": "Adrain",
      "surname": "Wiza",
      "age": 34,
      "photo": "https://cloudflare-ipfs.com/ipfs/Qmd3W5DuhgHirLHGVixi6V76LhCkZUz6pnFt5AJBiyvHye/avatar/1246.jpg",
      "gender": "Multigender",
      "mood": "neutral",
      "bank": 807896270,
      "friends": 118,
      "healthy": true,
      "status": "dead"
    },
    {
      "id": "3d634908-3cdb-4f12-a2c9-7ce70f37e37f",
      "name": "Carmela",
      "surname": "Grant",
      "age": 27,
      "photo": "https://cloudflare-ipfs.com/ipfs/Qmd3W5DuhgHirLHGVixi6V76LhCkZUz6pnFt5AJBiyvHye/avatar/74.jpg",
      "gender": "Intersex person",
      "mood": "aroused",
      "bank": 226984978,
      "friends": 42,
      "healthy": true,
      "status": "sick"
    },
    {
      "id": "e46e479e-58cb-4549-8a2b-a23cf1217de3",
      "name": "Jewel",
      "surname": "Breitenberg-Romaguera",
      "age": 56,
      "photo": "https://avatars.githubusercontent.com/u/50703112",
      "gender": "Demi-girl",
      "mood": "fearful",
      "bank": 634222433,
      "friends": 126,
      "healthy": true,
      "status": "dead"
    },
    {
      "id": "e7338d56-3c2f-4fb6-a34d-fa8126392515",
      "name": "Aryanna",
      "surname": "Brakus",
      "age": 85,
      "photo": "https://avatars.githubusercontent.com/u/3767918",
      "gender": "Androgynous",
      "mood": "confused",
      "bank": 341920856,
      "friends": 141,
      "healthy": false,
      "status": "sick"
    },
    {
      "id": "b51d287b-2b78-488a-8418-39731687e067",
      "name": "Pierre",
      "surname": "Upton",
      "age": 65,
      "photo": "https://avatars.githubusercontent.com/u/69366461",
      "gender": "Male to female trans woman",
      "mood": "surprised",
      "bank": 955767222,
      "friends": 16,
      "healthy": true,
      "status": "dead"
    },
    {
      "id": "0acd31fb-987b-41f5-8192-c33acefba5a1",
      "name": "Domenico",
      "surname": "Corkery",
      "age": 36,
      "photo": "https://avatars.githubusercontent.com/u/81902147",
      "gender": "Cis",
      "mood": "happy",
      "bank": 380167285,
      "friends": 97,
      "healthy": true,
      "status": "alive"
    },
    {
      "id": "c4db4b50-c72f-40d0-9227-aa55ec336189",
      "name": "Curtis",
      "surname": "Corkery",
      "age": 38,
      "photo": "https://cloudflare-ipfs.com/ipfs/Qmd3W5DuhgHirLHGVixi6V76LhCkZUz6pnFt5AJBiyvHye/avatar/813.jpg",
      "gender": "Cis male",
      "mood": "calm",
      "bank": 39449094,
      "friends": 23,
      "healthy": false,
      "status": "alive"
    },
    {
      "id": "6097e687-e448-449f-b784-27c4a0e8ca82",
      "name": "Reagan",
      "surname": "Zboncak",
      "age": 58,
      "photo": "https://cloudflare-ipfs.com/ipfs/Qmd3W5DuhgHirLHGVixi6V76LhCkZUz6pnFt5AJBiyvHye/avatar/605.jpg",
      "gender": "Gender nonconforming",
      "mood": "fearful",
      "bank": 273916597,
      "friends": 103,
      "healthy": false,
      "status": "alive"
    }
  ]
}